mc	mn	quarterbeats	duration_qb	mc_onset	mn_onset	timesig	staff	voice	duration	gracenote	nominal_duration	scalar	tied	tpc	midi	name	octave	chord_id
1	1	0	0.5	0	0	3/4	2	1	1/8		1/8	1		4	64	E4	4	0
1	1	0	0.5	0	0	3/4	2	2	1/8		1/8	1		4	64	E4	4	6
1	1	1/2	0.5	1/8	1/8	3/4	2	1	1/8		1/8	1		4	64	E4	4	1
1	1	1/2	0.5	1/8	1/8	3/4	2	1	1/8		1/8	1		5	71	B4	4	1
1	1	1	0.5	1/4	1/4	3/4	2	1	1/8		1/8	1		4	64	E4	4	2
1	1	1	0.5	1/4	1/4	3/4	2	2	1/8		1/8	1		4	64	E4	4	7
1	1	3/2	0.5	3/8	3/8	3/4	2	1	1/8		1/8	1		4	64	E4	4	3
1	1	3/2	0.5	3/8	3/8	3/4	2	1	1/8		1/8	1		5	71	B4	4	3
1	1	2	0.5	1/2	1/2	3/4	2	1	1/8		1/8	1		4	64	E4	4	4
1	1	2	0.5	1/2	1/2	3/4	2	2	1/8		1/8	1		4	64	E4	4	8
1	1	5/2	0.5	5/8	5/8	3/4	2	1	1/8		1/8	1		4	64	E4	4	5
1	1	5/2	0.5	5/8	5/8	3/4	2	1	1/8		1/8	1		5	71	B4	4	5
2	2	3	0.5	0	0	3/4	2	1	1/8		1/8	1		4	64	E4	4	9
2	2	3	0.5	0	0	3/4	2	2	1/8		1/8	1		4	64	E4	4	15
2	2	7/2	0.5	1/8	1/8	3/4	2	1	1/8		1/8	1		4	64	E4	4	10
2	2	7/2	0.5	1/8	1/8	3/4	2	1	1/8		1/8	1		5	71	B4	4	10
2	2	4	0.5	1/4	1/4	3/4	2	1	1/8		1/8	1		4	64	E4	4	11
2	2	4	0.5	1/4	1/4	3/4	2	2	1/8		1/8	1		4	64	E4	4	16
2	2	9/2	0.5	3/8	3/8	3/4	2	1	1/8		1/8	1		4	64	E4	4	12
2	2	9/2	0.5	3/8	3/8	3/4	2	1	1/8		1/8	1		5	71	B4	4	12
2	2	5	0.5	1/2	1/2	3/4	2	1	1/8		1/8	1		4	64	E4	4	13
2	2	5	0.5	1/2	1/2	3/4	2	2	1/8		1/8	1		4	64	E4	4	17
2	2	11/2	0.5	5/8	5/8	3/4	2	1	1/8		1/8	1		4	64	E4	4	14
2	2	11/2	0.5	5/8	5/8	3/4	2	1	1/8		1/8	1		5	71	B4	4	14
3	3	6	0.5	0	0	3/4	1	1	1/8		1/8	1		4	64	E4	4	18
3	3	13/2	0.5	1/8	1/8	3/4	1	1	1/8		1/8	1		4	64	E4	4	19
3	3	13/2	0.5	1/8	1/8	3/4	1	1	1/8		1/8	1		5	71	B4	4	19
3	3	7	0.0	1/4	1/4	3/4	2	1	0	acciaccatura	1/8	1		9	63	D#4	4	22
3	3	7	0.5	1/4	1/4	3/4	2	1	1/8		1/8	1		8	68	G#4	4	23
3	3	15/2	0.5	3/8	3/8	3/4	1	1	1/8		1/8	1		4	64	E4	4	20
3	3	15/2	0.5	3/8	3/8	3/4	1	1	1/8		1/8	1		5	71	B4	4	20
3	3	8	0.0	1/2	1/2	3/4	2	1	0	acciaccatura	1/8	1		8	68	G#4	4	24
3	3	8	0.5	1/2	1/2	3/4	2	1	1/8		1/8	1		7	73	C#5	5	25
3	3	17/2	0.5	5/8	5/8	3/4	1	1	1/8		1/8	1		4	64	E4	4	21
3	3	17/2	0.5	5/8	5/8	3/4	1	1	1/8		1/8	1		5	71	B4	4	21
4	4	9	0.0	0	0	3/4	2	1	0	acciaccatura	1/8	1		7	61	C#4	4	30
4	4	9	0.5	0	0	3/4	1	1	1/8		1/8	1		4	64	E4	4	26
4	4	9	2.0	0	0	3/4	2	1	1/2		1/2	1		6	66	F#4	4	31
4	4	19/2	0.5	1/8	1/8	3/4	1	1	1/8		1/8	1		4	64	E4	4	27
4	4	19/2	0.5	1/8	1/8	3/4	1	1	1/8		1/8	1		5	71	B4	4	27
4	4	21/2	0.5	3/8	3/8	3/4	1	1	1/8		1/8	1		4	64	E4	4	28
4	4	21/2	0.5	3/8	3/8	3/4	1	1	1/8		1/8	1		5	71	B4	4	28
4	4	11	0.0	1/2	1/2	3/4	2	1	0	acciaccatura	1/8	1		9	63	D#4	4	32
4	4	11	0.5	1/2	1/2	3/4	2	1	1/8		1/8	1		8	68	G#4	4	33
4	4	23/2	0.0	5/8	5/8	3/4	2	1	0	acciaccatura	1/8	1		8	68	G#4	4	34
4	4	23/2	0.5	5/8	5/8	3/4	1	1	1/8		1/8	1		4	64	E4	4	29
4	4	23/2	0.5	5/8	5/8	3/4	1	1	1/8		1/8	1		5	71	B4	4	29
4	4	23/2	0.5	5/8	5/8	3/4	2	1	1/8		1/8	1		7	73	C#5	5	35
5	5	12	0.0	0	0	3/4	2	1	0	acciaccatura	1/8	1		7	61	C#4	4	39
5	5	12	0.5	0	0	3/4	2	1	1/8		1/8	1		6	66	F#4	4	40
5	5	25/2	0.5	1/8	1/8	3/4	1	1	1/8		1/8	1		4	64	E4	4	36
5	5	25/2	0.5	1/8	1/8	3/4	1	1	1/8		1/8	1		5	71	B4	4	36
5	5	13	0.0	1/4	1/4	3/4	2	1	0	acciaccatura	1/8	1		9	63	D#4	4	41
5	5	13	0.5	1/4	1/4	3/4	2	1	1/8		1/8	1		8	68	G#4	4	42
5	5	27/2	0.5	3/8	3/8	3/4	1	1	1/8		1/8	1		4	64	E4	4	37
5	5	27/2	0.5	3/8	3/8	3/4	1	1	1/8		1/8	1		5	71	B4	4	37
5	5	14	0.0	1/2	1/2	3/4	2	1	0	acciaccatura	1/8	1		8	56	G#3	3	43
5	5	14	0.5	1/2	1/2	3/4	2	1	1/8		1/8	1		7	61	C#4	4	44
5	5	29/2	0.5	5/8	5/8	3/4	1	1	1/8		1/8	1		4	64	E4	4	38
5	5	29/2	0.5	5/8	5/8	3/4	1	1	1/8		1/8	1		5	71	B4	4	38
6	6	15	0.0	0	0	3/4	2	1	0	acciaccatura	1/8	1		7	61	C#4	4	49
6	6	15	3.0	0	0	3/4	2	1	3/4		1/2	3/2		7	61	C#4	4	50
6	6	15	0.5	0	0	3/4	1	1	1/8		1/8	1		4	64	E4	4	45
6	6	15	3.0	0	0	3/4	2	1	3/4		1/2	3/2		6	66	F#4	4	50
6	6	31/2	0.5	1/8	1/8	3/4	1	1	1/8		1/8	1		4	64	E4	4	46
6	6	31/2	0.5	1/8	1/8	3/4	1	1	1/8		1/8	1		5	71	B4	4	46
6	6	33/2	0.5	3/8	3/8	3/4	1	1	1/8		1/8	1		4	64	E4	4	47
6	6	33/2	0.5	3/8	3/8	3/4	1	1	1/8		1/8	1		5	71	B4	4	47
6	6	35/2	0.5	5/8	5/8	3/4	1	1	1/8		1/8	1		4	64	E4	4	48
6	6	35/2	0.5	5/8	5/8	3/4	1	1	1/8		1/8	1		5	71	B4	4	48
7	7	18	0.0	0	0	3/4	2	1	0	acciaccatura	1/8	1		9	63	D#4	4	54
7	7	18	3.0	0	0	3/4	2	1	3/4		1/2	3/2		9	63	D#4	4	55
7	7	18	3.0	0	0	3/4	2	1	3/4		1/2	3/2		8	68	G#4	4	55
7	7	37/2	1.0	1/8	1/8	3/4	1	1	1/4		1/4	1		4	64	E4	4	51
7	7	37/2	1.0	1/8	1/8	3/4	1	1	1/4		1/4	1		5	71	B4	4	51
7	7	39/2	1.0	3/8	3/8	3/4	1	1	1/4		1/4	1		4	64	E4	4	52
7	7	39/2	1.0	3/8	3/8	3/4	1	1	1/4		1/4	1		5	71	B4	4	52
7	7	41/2	0.5	5/8	5/8	3/4	1	1	1/8		1/8	1		4	64	E4	4	53
7	7	41/2	0.5	5/8	5/8	3/4	1	1	1/8		1/8	1		5	71	B4	4	53
8	8	21	1.0	0	0	3/4	2	1	1/4		1/4	1		4	40	E2	2	58
8	8	21	0.5	0	0	3/4	1	1	1/8		1/8	1		5	59	B3	3	56
8	8	43/2	0.5	1/8	1/8	3/4	1	1	1/8		1/8	1		4	64	E4	4	57
8	8	43/2	0.5	1/8	1/8	3/4	1	1	1/8		1/8	1		5	71	B4	4	57
8	8	22	0.5	1/4	1/4	3/4	2	1	1/8		1/8	1		4	64	E4	4	59
8	8	22	0.5	1/4	1/4	3/4	2	2	1/8		1/8	1		4	64	E4	4	63
8	8	45/2	0.5	3/8	3/8	3/4	2	1	1/8		1/8	1		4	64	E4	4	60
8	8	45/2	0.5	3/8	3/8	3/4	2	1	1/8		1/8	1		5	71	B4	4	60
8	8	23	0.5	1/2	1/2	3/4	2	1	1/8		1/8	1		4	64	E4	4	61
8	8	23	0.5	1/2	1/2	3/4	2	2	1/8		1/8	1		4	64	E4	4	64
8	8	47/2	0.5	5/8	5/8	3/4	2	1	1/8		1/8	1		4	64	E4	4	62
8	8	47/2	0.5	5/8	5/8	3/4	2	1	1/8		1/8	1		5	71	B4	4	62
9	9	24	0.5	0	0	3/4	2	1	1/8		1/8	1		4	64	E4	4	69
9	9	49/2	0.5	1/8	1/8	3/4	2	1	1/8		1/8	1		5	71	B4	4	70
9	9	25	0.0	1/4	1/4	3/4	1	1	0	acciaccatura	1/8	1		10	70	A#4	4	65
9	9	25	0.5	1/4	1/4	3/4	1	1	1/8		1/8	1		9	75	D#5	5	66
9	9	51/2	0.5	3/8	3/8	3/4	2	1	1/8		1/8	1		4	64	E4	4	71
9	9	51/2	0.5	3/8	3/8	3/4	2	1	1/8		1/8	1		5	71	B4	4	71
9	9	26	0.0	1/2	1/2	3/4	1	1	0	acciaccatura	1/8	1		9	75	D#5	5	67
9	9	26	0.5	1/2	1/2	3/4	1	1	1/8		1/8	1		8	80	G#5	5	68
9	9	53/2	0.5	5/8	5/8	3/4	2	1	1/8		1/8	1		4	64	E4	4	72
9	9	53/2	0.5	5/8	5/8	3/4	2	1	1/8		1/8	1		5	71	B4	4	72
10	10	27	0.0	0	0	3/4	1	1	0	acciaccatura	1/8	1		8	68	G#4	4	73
10	10	27	2.0	0	0	3/4	1	1	1/2		1/2	1		7	73	C#5	5	74
10	10	55/2	0.5	1/8	1/8	3/4	2	1	1/8		1/8	1		4	64	E4	4	79
10	10	55/2	0.5	1/8	1/8	3/4	2	1	1/8		1/8	1		5	71	B4	4	79
10	10	57/2	0.5	3/8	3/8	3/4	2	1	1/8		1/8	1		4	64	E4	4	80
10	10	57/2	0.5	3/8	3/8	3/4	2	1	1/8		1/8	1		5	71	B4	4	80
10	10	29	0.0	1/2	1/2	3/4	1	1	0	acciaccatura	1/8	1		10	70	A#4	4	75
10	10	29	0.5	1/2	1/2	3/4	1	1	1/8		1/8	1		9	75	D#5	5	76
10	10	59/2	0.0	5/8	5/8	3/4	1	1	0	acciaccatura	1/8	1		9	63	D#4	4	77
10	10	59/2	0.5	5/8	5/8	3/4	2	1	1/8		1/8	1		4	64	E4	4	81
10	10	59/2	0.5	5/8	5/8	3/4	1	1	1/8		1/8	1		8	68	G#4	4	78
10	10	59/2	0.5	5/8	5/8	3/4	2	1	1/8		1/8	1		5	71	B4	4	81
11	11	30	0.0	0	0	3/4	1	1	0	acciaccatura	1/8	1		8	68	G#4	4	82
11	11	30	0.5	0	0	3/4	1	1	1/8		1/8	1		7	73	C#5	5	83
11	11	61/2	0.5	1/8	1/8	3/4	2	1	1/8		1/8	1		4	64	E4	4	88
11	11	61/2	0.5	1/8	1/8	3/4	2	1	1/8		1/8	1		5	71	B4	4	88
11	11	31	0.0	1/4	1/4	3/4	1	1	0	acciaccatura	1/8	1		10	70	A#4	4	84
11	11	31	0.5	1/4	1/4	3/4	1	1	1/8		1/8	1		9	75	D#5	5	85
11	11	63/2	0.5	3/8	3/8	3/4	2	1	1/8		1/8	1		4	64	E4	4	89
11	11	63/2	0.5	3/8	3/8	3/4	2	1	1/8		1/8	1		5	71	B4	4	89
11	11	32	0.0	1/2	1/2	3/4	1	1	0	acciaccatura	1/8	1		9	75	D#5	5	86
11	11	32	0.5	1/2	1/2	3/4	1	1	1/8		1/8	1		8	80	G#5	5	87
11	11	65/2	0.5	5/8	5/8	3/4	2	1	1/8		1/8	1		4	64	E4	4	90
11	11	65/2	0.5	5/8	5/8	3/4	2	1	1/8		1/8	1		5	71	B4	4	90
12	12	33	0.0	0	0	3/4	1	1	0	acciaccatura	1/8	1		8	68	G#4	4	91
12	12	33	2.0	0	0	3/4	1	1	1/2		1/2	1		7	73	C#5	5	92
12	12	67/2	0.5	1/8	1/8	3/4	2	1	1/8		1/8	1		4	64	E4	4	95
12	12	67/2	0.5	1/8	1/8	3/4	2	1	1/8		1/8	1		5	71	B4	4	95
12	12	69/2	0.5	3/8	3/8	3/4	2	1	1/8		1/8	1		4	64	E4	4	96
12	12	69/2	0.5	3/8	3/8	3/4	2	1	1/8		1/8	1		5	71	B4	4	96
12	12	35	0.0	1/2	1/2	3/4	1	1	0	acciaccatura	1/8	1	1	9	63	D#4	4	93
12	12	35	1.0	1/2	1/2	3/4	1	1	1/4		1/4	1	-1	9	63	D#4	4	94
12	12	35	1.0	1/2	1/2	3/4	1	1	1/4		1/4	1		8	68	G#4	4	94
12	12	71/2	0.5	5/8	5/8	3/4	2	1	1/8		1/8	1		4	64	E4	4	97
12	12	71/2	0.5	5/8	5/8	3/4	2	1	1/8		1/8	1		5	71	B4	4	97
13	13	36	0.0	0	0	3/4	1	1	0	acciaccatura	1/8	1	1	7	61	C#4	4	98
13	13	36	1.0	0	0	3/4	1	1	1/4		1/4	1	-1	7	61	C#4	4	99
13	13	36	1.0	0	0	3/4	1	1	1/4		1/4	1		6	66	F#4	4	99
13	13	73/2	0.5	1/8	1/8	3/4	2	1	1/8		1/8	1		4	64	E4	4	102
13	13	73/2	0.5	1/8	1/8	3/4	2	1	1/8		1/8	1		5	71	B4	4	102
13	13	37	0.0	1/4	1/4	3/4	1	1	0	acciaccatura	1/8	1	1	9	63	D#4	4	100
13	13	37	2.0	1/4	1/4	3/4	1	1	1/2		1/2	1	-1	9	63	D#4	4	101
13	13	37	2.0	1/4	1/4	3/4	1	1	1/2		1/2	1		8	68	G#4	4	101
13	13	75/2	0.5	3/8	3/8	3/4	2	1	1/8		1/8	1		4	64	E4	4	103
13	13	75/2	0.5	3/8	3/8	3/4	2	1	1/8		1/8	1		5	71	B4	4	103
13	13	77/2	0.5	5/8	5/8	3/4	2	1	1/8		1/8	1		4	64	E4	4	104
13	13	77/2	0.5	5/8	5/8	3/4	2	1	1/8		1/8	1		5	71	B4	4	104
14	14	39	0.5	0	0	3/4	2	1	1/8		1/8	1		5	47	B2	2	107
14	14	39	0.5	0	0	3/4	2	1	1/8		1/8	1		6	54	F#3	3	107
14	14	39	0.5	0	0	3/4	1	1	1/8		1/8	1		5	59	B3	3	105
14	14	79/2	0.5	1/8	1/8	3/4	1	1	1/8		1/8	1		6	66	F#4	4	106
14	14	79/2	0.5	1/8	1/8	3/4	1	1	1/8		1/8	1		5	71	B4	4	106
14	14	40	0.5	1/4	1/4	3/4	2	1	1/8		1/8	1		5	59	B3	3	108
14	14	40	0.5	1/4	1/4	3/4	2	2	1/8		1/8	1		5	59	B3	3	112
14	14	81/2	0.5	3/8	3/8	3/4	2	1	1/8		1/8	1		5	59	B3	3	109
14	14	81/2	0.5	3/8	3/8	3/4	2	1	1/8		1/8	1		6	66	F#4	4	109
14	14	81/2	0.5	3/8	3/8	3/4	2	1	1/8		1/8	1		5	71	B4	4	109
14	14	41	0.5	1/2	1/2	3/4	2	1	1/8		1/8	1		5	59	B3	3	110
14	14	41	0.5	1/2	1/2	3/4	2	2	1/8		1/8	1		5	59	B3	3	113
14	14	83/2	0.5	5/8	5/8	3/4	2	1	1/8		1/8	1		5	59	B3	3	111
14	14	83/2	0.5	5/8	5/8	3/4	2	1	1/8		1/8	1		6	66	F#4	4	111
14	14	83/2	0.5	5/8	5/8	3/4	2	1	1/8		1/8	1		5	71	B4	4	111
15	15	42	0.5	0	0	3/4	2	1	1/8		1/8	1		5	59	B3	3	114
15	15	42	0.5	0	0	3/4	2	2	1/8		1/8	1		5	59	B3	3	120
15	15	85/2	0.5	1/8	1/8	3/4	2	1	1/8		1/8	1		5	59	B3	3	115
15	15	85/2	0.5	1/8	1/8	3/4	2	1	1/8		1/8	1		6	66	F#4	4	115
15	15	85/2	0.5	1/8	1/8	3/4	2	1	1/8		1/8	1		5	71	B4	4	115
15	15	43	0.5	1/4	1/4	3/4	2	1	1/8		1/8	1		7	61	C#4	4	116
15	15	43	0.5	1/4	1/4	3/4	2	2	1/8		1/8	1		7	61	C#4	4	121
15	15	87/2	0.5	3/8	3/8	3/4	2	1	1/8		1/8	1		7	61	C#4	4	117
15	15	87/2	0.5	3/8	3/8	3/4	2	1	1/8		1/8	1		6	66	F#4	4	117
15	15	87/2	0.5	3/8	3/8	3/4	2	1	1/8		1/8	1		5	71	B4	4	117
15	15	44	0.5	1/2	1/2	3/4	2	1	1/8		1/8	1		4	64	E4	4	118
15	15	44	0.5	1/2	1/2	3/4	2	2	1/8		1/8	1		4	64	E4	4	122
15	15	89/2	0.5	5/8	5/8	3/4	2	1	1/8		1/8	1		4	64	E4	4	119
15	15	89/2	0.5	5/8	5/8	3/4	2	1	1/8		1/8	1		6	66	F#4	4	119
15	15	89/2	0.5	5/8	5/8	3/4	2	1	1/8		1/8	1		5	71	B4	4	119
16	16	45	0.5	0	0	3/4	2	1	1/8		1/8	1		9	63	D#4	4	123
16	16	45	2.0	0	0	3/4	2	2	1/2		1/2	1		9	63	D#4	4	128
16	16	91/2	0.5	1/8	1/8	3/4	2	1	1/8		1/8	1		9	63	D#4	4	124
16	16	91/2	0.5	1/8	1/8	3/4	2	1	1/8		1/8	1		6	66	F#4	4	124
16	16	91/2	0.5	1/8	1/8	3/4	2	1	1/8		1/8	1		5	71	B4	4	124
16	16	93/2	0.5	3/8	3/8	3/4	2	1	1/8		1/8	1		9	63	D#4	4	125
16	16	93/2	0.5	3/8	3/8	3/4	2	1	1/8		1/8	1		6	66	F#4	4	125
16	16	93/2	0.5	3/8	3/8	3/4	2	1	1/8		1/8	1		5	71	B4	4	125
16	16	47	0.5	1/2	1/2	3/4	2	1	1/8		1/8	1		2	62	D4	4	126
16	16	47	1.0	1/2	1/2	3/4	2	2	1/4		1/4	1		2	62	D4	4	129
16	16	95/2	0.5	5/8	5/8	3/4	2	1	1/8		1/8	1		2	62	D4	4	127
16	16	95/2	0.5	5/8	5/8	3/4	2	1	1/8		1/8	1		6	66	F#4	4	127
16	16	95/2	0.5	5/8	5/8	3/4	2	1	1/8		1/8	1		5	71	B4	4	127
17	17	48	3.0	0	0	3/4	2	2	3/4		1/2	3/2	1	8	56	G#3	3	136
17	17	48	0.5	0	0	3/4	2	1	1/8		1/8	1		7	61	C#4	4	130
17	17	48	3.0	0	0	3/4	2	2	3/4		1/2	3/2		7	61	C#4	4	136
17	17	97/2	0.5	1/8	1/8	3/4	2	1	1/8		1/8	1		7	61	C#4	4	131
17	17	97/2	0.5	1/8	1/8	3/4	2	1	1/8		1/8	1		6	66	F#4	4	131
17	17	97/2	0.5	1/8	1/8	3/4	2	1	1/8		1/8	1		5	71	B4	4	131
17	17	49	0.5	1/4	1/4	3/4	2	1	1/8		1/8	1		7	61	C#4	4	132
17	17	99/2	0.5	3/8	3/8	3/4	2	1	1/8		1/8	1		7	61	C#4	4	133
17	17	99/2	0.5	3/8	3/8	3/4	2	1	1/8		1/8	1		6	66	F#4	4	133
17	17	99/2	0.5	3/8	3/8	3/4	2	1	1/8		1/8	1		5	71	B4	4	133
17	17	50	0.5	1/2	1/2	3/4	2	1	1/8		1/8	1		7	61	C#4	4	134
17	17	101/2	0.5	5/8	5/8	3/4	2	1	1/8		1/8	1		7	61	C#4	4	135
17	17	101/2	0.5	5/8	5/8	3/4	2	1	1/8		1/8	1		6	66	F#4	4	135
17	17	101/2	0.5	5/8	5/8	3/4	2	1	1/8		1/8	1		5	71	B4	4	135
18	18	51	3.0	0	0	3/4	2	2	3/4		1/2	3/2	-1	8	56	G#3	3	143
18	18	51	0.5	0	0	3/4	2	1	1/8		1/8	1		7	61	C#4	4	137
18	18	103/2	0.5	1/8	1/8	3/4	2	1	1/8		1/8	1		7	61	C#4	4	138
18	18	103/2	0.5	1/8	1/8	3/4	2	1	1/8		1/8	1		6	66	F#4	4	138
18	18	103/2	0.5	1/8	1/8	3/4	2	1	1/8		1/8	1		5	71	B4	4	138
18	18	52	0.5	1/4	1/4	3/4	2	1	1/8		1/8	1		9	63	D#4	4	139
18	18	52	1.0	1/4	1/4	3/4	2	3	1/4		1/4	1		9	63	D#4	4	144
18	18	105/2	0.5	3/8	3/8	3/4	2	1	1/8		1/8	1		9	63	D#4	4	140
18	18	105/2	0.5	3/8	3/8	3/4	2	1	1/8		1/8	1		6	66	F#4	4	140
18	18	105/2	0.5	3/8	3/8	3/4	2	1	1/8		1/8	1		5	71	B4	4	140
18	18	53	0.5	1/2	1/2	3/4	2	1	1/8		1/8	1		6	66	F#4	4	141
18	18	53	1.0	1/2	1/2	3/4	2	3	1/4		1/4	1		6	66	F#4	4	145
18	18	107/2	0.5	5/8	5/8	3/4	2	1	1/8		1/8	1		6	66	F#4	4	142
18	18	107/2	0.5	5/8	5/8	3/4	2	1	1/8		1/8	1		5	71	B4	4	142
19	19	54	0.5	0	0	3/4	2	1	1/8		1/8	1		11	65	E#4	4	146
19	19	54	2.0	0	0	3/4	2	2	1/2		1/2	1		11	65	E#4	4	151
19	19	109/2	0.5	1/8	1/8	3/4	2	1	1/8		1/8	1		8	68	G#4	4	147
19	19	109/2	0.5	1/8	1/8	3/4	2	1	1/8		1/8	1		5	71	B4	4	147
19	19	111/2	0.5	3/8	3/8	3/4	2	1	1/8		1/8	1		8	68	G#4	4	148
19	19	111/2	0.5	3/8	3/8	3/4	2	1	1/8		1/8	1		5	71	B4	4	148
19	19	56	0.5	1/2	1/2	3/4	2	1	1/8		1/8	1		4	64	E4	4	149
19	19	56	1.0	1/2	1/2	3/4	2	2	1/4		1/4	1		4	64	E4	4	152
19	19	113/2	0.5	5/8	5/8	3/4	2	1	1/8		1/8	1		8	68	G#4	4	150
19	19	113/2	0.5	5/8	5/8	3/4	2	1	1/8		1/8	1		5	71	B4	4	150
20	20	57	3.0	0	0	3/4	2	3	3/4		1/2	3/2	1	8	56	G#3	3	159
20	20	57	0.5	0	0	3/4	2	1	1/8		1/8	1		9	63	D#4	4	153
20	20	57	2.0	0	0	3/4	2	2	1/2		1/2	1		9	63	D#4	4	158
20	20	115/2	0.5	1/8	1/8	3/4	2	1	1/8		1/8	1		9	63	D#4	4	154
20	20	115/2	0.5	1/8	1/8	3/4	2	1	1/8		1/8	1		8	68	G#4	4	154
20	20	115/2	0.5	1/8	1/8	3/4	2	1	1/8		1/8	1		5	71	B4	4	154
20	20	117/2	0.5	3/8	3/8	3/4	2	1	1/8		1/8	1		9	63	D#4	4	155
20	20	117/2	0.5	3/8	3/8	3/4	2	1	1/8		1/8	1		8	68	G#4	4	155
20	20	117/2	0.5	3/8	3/8	3/4	2	1	1/8		1/8	1		5	71	B4	4	155
20	20	59	0.5	1/2	1/2	3/4	2	1	1/8		1/8	1		7	61	C#4	4	156
20	20	119/2	0.5	5/8	5/8	3/4	2	1	1/8		1/8	1		9	63	D#4	4	157
20	20	119/2	0.5	5/8	5/8	3/4	2	1	1/8		1/8	1		8	68	G#4	4	157
20	20	119/2	0.5	5/8	5/8	3/4	2	1	1/8		1/8	1		5	71	B4	4	157
21	21	60	3.0	0	0	3/4	2	2	3/4		1/2	3/2	-1	8	56	G#3	3	166
21	21	60	0.5	0	0	3/4	2	1	1/8		1/8	1		11	65	E#4	4	160
21	21	121/2	0.5	1/8	1/8	3/4	2	1	1/8		1/8	1		11	65	E#4	4	161
21	21	121/2	0.5	1/8	1/8	3/4	2	1	1/8		1/8	1		8	68	G#4	4	161
21	21	121/2	0.5	1/8	1/8	3/4	2	1	1/8		1/8	1		5	71	B4	4	161
21	21	61	0.5	1/4	1/4	3/4	2	1	1/8		1/8	1		7	61	C#4	4	162
21	21	123/2	0.5	3/8	3/8	3/4	2	1	1/8		1/8	1		11	65	E#4	4	163
21	21	123/2	0.5	3/8	3/8	3/4	2	1	1/8		1/8	1		8	68	G#4	4	163
21	21	123/2	0.5	3/8	3/8	3/4	2	1	1/8		1/8	1		5	71	B4	4	163
21	21	62	0.5	1/2	1/2	3/4	2	1	1/8		1/8	1		11	65	E#4	4	164
21	21	125/2	0.5	5/8	5/8	3/4	2	1	1/8		1/8	1		11	65	E#4	4	165
21	21	125/2	0.5	5/8	5/8	3/4	2	1	1/8		1/8	1		8	68	G#4	4	165
21	21	125/2	0.5	5/8	5/8	3/4	2	1	1/8		1/8	1		5	71	B4	4	165
22	22	63	3.0	0	0	3/4	2	3	3/4		1/2	3/2	1	8	56	G#3	3	173
22	22	63	0.5	0	0	3/4	2	1	1/8		1/8	1		9	63	D#4	4	167
22	22	63	2.0	0	0	3/4	2	2	1/2		1/2	1		9	63	D#4	4	172
22	22	127/2	0.5	1/8	1/8	3/4	2	1	1/8		1/8	1		9	63	D#4	4	168
22	22	127/2	0.5	1/8	1/8	3/4	2	1	1/8		1/8	1		8	68	G#4	4	168
22	22	127/2	0.5	1/8	1/8	3/4	2	1	1/8		1/8	1		5	71	B4	4	168
22	22	129/2	0.5	3/8	3/8	3/4	2	1	1/8		1/8	1		9	63	D#4	4	169
22	22	129/2	0.5	3/8	3/8	3/4	2	1	1/8		1/8	1		8	68	G#4	4	169
22	22	129/2	0.5	3/8	3/8	3/4	2	1	1/8		1/8	1		5	71	B4	4	169
22	22	65	0.5	1/2	1/2	3/4	2	1	1/8		1/8	1		7	61	C#4	4	170
22	22	131/2	0.5	5/8	5/8	3/4	2	1	1/8		1/8	1		9	63	D#4	4	171
22	22	131/2	0.5	5/8	5/8	3/4	2	1	1/8		1/8	1		8	68	G#4	4	171
22	22	131/2	0.5	5/8	5/8	3/4	2	1	1/8		1/8	1		5	71	B4	4	171
23	23	66	3.0	0	0	3/4	2	2	3/4		1/2	3/2	-1	8	56	G#3	3	180
23	23	66	0.5	0	0	3/4	2	1	1/8		1/8	1		11	65	E#4	4	174
23	23	133/2	0.5	1/8	1/8	3/4	2	1	1/8		1/8	1		11	65	E#4	4	175
23	23	133/2	0.5	1/8	1/8	3/4	2	1	1/8		1/8	1		8	68	G#4	4	175
23	23	133/2	0.5	1/8	1/8	3/4	2	1	1/8		1/8	1		5	71	B4	4	175
23	23	67	0.5	1/4	1/4	3/4	2	1	1/8		1/8	1		7	61	C#4	4	176
23	23	135/2	0.5	3/8	3/8	3/4	2	1	1/8		1/8	1		11	65	E#4	4	177
23	23	135/2	0.5	3/8	3/8	3/4	2	1	1/8		1/8	1		8	68	G#4	4	177
23	23	135/2	0.5	3/8	3/8	3/4	2	1	1/8		1/8	1		5	71	B4	4	177
23	23	68	0.5	1/2	1/2	3/4	2	1	1/8		1/8	1		11	65	E#4	4	178
23	23	137/2	0.5	5/8	5/8	3/4	2	1	1/8		1/8	1		11	65	E#4	4	179
23	23	137/2	0.5	5/8	5/8	3/4	2	1	1/8		1/8	1		8	68	G#4	4	179
23	23	137/2	0.5	5/8	5/8	3/4	2	1	1/8		1/8	1		5	71	B4	4	179
24	24	69	2.0	0	0	3/4	2	1	1/2		1/2	1		8	68	G#4	4	184
24	24	139/2	0.5	1/8	1/8	3/4	1	1	1/8		1/8	1		8	68	G#4	4	181
24	24	139/2	0.5	1/8	1/8	3/4	1	1	1/8		1/8	1		5	71	B4	4	181
24	24	141/2	0.5	3/8	3/8	3/4	1	1	1/8		1/8	1		8	68	G#4	4	182
24	24	141/2	0.5	3/8	3/8	3/4	1	1	1/8		1/8	1		5	71	B4	4	182
24	24	71	1.0	1/2	1/2	3/4	2	1	1/4		1/4	1		1	67	G4	4	185
24	24	143/2	0.5	5/8	5/8	3/4	1	1	1/8		1/8	1		8	68	G#4	4	183
24	24	143/2	0.5	5/8	5/8	3/4	1	1	1/8		1/8	1		5	71	B4	4	183
25	25	72	2.0	0	0	3/4	2	1	1/2		1/2	1		6	66	F#4	4	189
25	25	145/2	0.5	1/8	1/8	3/4	1	1	1/8		1/8	1		8	68	G#4	4	186
25	25	145/2	0.5	1/8	1/8	3/4	1	1	1/8		1/8	1		5	71	B4	4	186
25	25	147/2	0.5	3/8	3/8	3/4	1	1	1/8		1/8	1		8	68	G#4	4	187
25	25	147/2	0.5	3/8	3/8	3/4	1	1	1/8		1/8	1		5	71	B4	4	187
25	25	74	1.0	1/2	1/2	3/4	2	1	1/4		1/4	1		11	65	E#4	4	190
25	25	149/2	0.5	5/8	5/8	3/4	1	1	1/8		1/8	1		8	68	G#4	4	188
25	25	149/2	0.5	5/8	5/8	3/4	1	1	1/8		1/8	1		5	71	B4	4	188
26	26	75	2.0	0	0	3/4	2	1	1/2		1/2	1		8	68	G#4	4	194
26	26	151/2	0.5	1/8	1/8	3/4	1	1	1/8		1/8	1		8	68	G#4	4	191
26	26	151/2	0.5	1/8	1/8	3/4	1	1	1/8		1/8	1		5	71	B4	4	191
26	26	76	1.0	1/4	1/4	3/4	2	2	1/4		1/4	1		9	75	D#5	5	196
26	26	153/2	0.5	3/8	3/8	3/4	1	1	1/8		1/8	1		8	68	G#4	4	192
26	26	153/2	0.5	3/8	3/8	3/4	1	1	1/8		1/8	1		5	71	B4	4	192
26	26	77	1.0	1/2	1/2	3/4	2	1	1/4		1/4	1		1	67	G4	4	195
26	26	155/2	0.5	5/8	5/8	3/4	1	1	1/8		1/8	1		8	68	G#4	4	193
26	26	155/2	0.5	5/8	5/8	3/4	1	1	1/8		1/8	1		5	71	B4	4	193
27	27	78	2.0	0	0	3/4	2	1	1/2		1/2	1		6	66	F#4	4	200
27	27	157/2	0.5	1/8	1/8	3/4	1	1	1/8		1/8	1		8	68	G#4	4	197
27	27	157/2	0.5	1/8	1/8	3/4	1	1	1/8		1/8	1		5	71	B4	4	197
27	27	79	1.0	1/4	1/4	3/4	2	2	1/4		1/4	1		8	80	G#5	5	202
27	27	159/2	0.5	3/8	3/8	3/4	1	1	1/8		1/8	1		8	68	G#4	4	198
27	27	159/2	0.5	3/8	3/8	3/4	1	1	1/8		1/8	1		5	71	B4	4	198
27	27	80	1.0	1/2	1/2	3/4	2	1	1/4		1/4	1		11	65	E#4	4	201
27	27	161/2	0.5	5/8	5/8	3/4	1	1	1/8		1/8	1		8	68	G#4	4	199
27	27	161/2	0.5	5/8	5/8	3/4	1	1	1/8		1/8	1		5	71	B4	4	199
28	28	81	2.0	0	0	3/4	2	1	1/2		1/2	1		8	68	G#4	4	206
28	28	163/2	0.5	1/8	1/8	3/4	1	1	1/8		1/8	1		5	71	B4	4	203
28	28	82	1.0	1/4	1/4	3/4	2	2	1/4		1/4	1		2	74	D5	5	208
28	28	165/2	0.5	3/8	3/8	3/4	1	1	1/8		1/8	1		5	71	B4	4	204
28	28	83	1.0	1/2	1/2	3/4	2	1	1/4		1/4	1		1	67	G4	4	207
28	28	167/2	0.5	5/8	5/8	3/4	1	1	1/8		1/8	1		5	71	B4	4	205
29	29	84	2.0	0	0	3/4	2	1	1/2		1/2	1		6	66	F#4	4	212
29	29	169/2	0.5	1/8	1/8	3/4	1	1	1/8		1/8	1		5	71	B4	4	209
29	29	85	1.0	1/4	1/4	3/4	2	2	1/4		1/4	1		9	75	D#5	5	214
29	29	171/2	0.5	3/8	3/8	3/4	1	1	1/8		1/8	1		5	71	B4	4	210
29	29	86	1.0	1/2	1/2	3/4	2	1	1/4		1/4	1		11	65	E#4	4	213
29	29	173/2	0.5	5/8	5/8	3/4	1	1	1/8		1/8	1		5	71	B4	4	211
30	30	87	0.5	0	0	3/4	2	1	1/8		1/8	1		4	40	E2	2	221
30	30	87	0.5	0	0	3/4	2	1	1/8		1/8	1		4	52	E3	3	221
30	30	87	0.5	0	0	3/4	1	1	1/8		1/8	1		5	59	B3	3	215
30	30	87	0.5	0	0	3/4	1	1	1/8		1/8	1		4	64	E4	4	215
30	30	175/2	0.5	1/8	1/8	3/4	1	1	1/8		1/8	1		5	71	B4	4	216
30	30	88	2.0	1/4	1/4	3/4	2	2	1/2		1/2	1		9	63	D#4	4	225
30	30	88	0.5	1/4	1/4	3/4	2	1	1/8		1/8	1		4	64	E4	4	222
30	30	88	0.5	1/4	1/4	3/4	2	1	1/8		1/8	1		5	71	B4	4	222
30	30	88	0.5	1/4	1/4	3/4	1	1	1/8		1/8	1		9	75	D#5	5	217
30	30	88	0.5	1/4	1/4	3/4	1	1	1/8		1/8	1		8	80	G#5	5	217
30	30	177/2	1.0	3/8	3/8	3/4	2	1	1/4		1/4	1		4	64	E4	4	223
30	30	177/2	0.5	3/8	3/8	3/4	1	1	1/8		1/8	1		8	68	G#4	4	218
30	30	177/2	1.0	3/8	3/8	3/4	2	1	1/4		1/4	1		5	71	B4	4	223
30	30	177/2	0.5	3/8	3/8	3/4	1	1	1/8		1/8	1		9	75	D#5	5	218
30	30	89	0.5	1/2	1/2	3/4	1	1	1/8		1/8	1		8	80	G#5	5	219
30	30	89	0.5	1/2	1/2	3/4	1	1	1/8		1/8	1		7	85	C#6	6	219
30	30	179/2	0.5	5/8	5/8	3/4	2	1	1/8		1/8	1		4	64	E4	4	224
30	30	179/2	0.5	5/8	5/8	3/4	2	1	1/8		1/8	1		5	71	B4	4	224
30	30	179/2	0.5	5/8	5/8	3/4	1	1	1/8		1/8	1		9	75	D#5	5	220
30	30	179/2	0.5	5/8	5/8	3/4	1	1	1/8		1/8	1		8	80	G#5	5	220
31	31	90	2.0	0	0	3/4	2	2	1/2		1/2	1		7	61	C#4	4	236
31	31	90	0.5	0	0	3/4	2	1	1/8		1/8	1		4	64	E4	4	232
31	31	90	0.5	0	0	3/4	2	1	1/8		1/8	1		3	69	A4	4	232
31	31	90	0.5	0	0	3/4	1	1	1/8		1/8	1		7	73	C#5	5	226
31	31	90	0.5	0	0	3/4	1	1	1/8		1/8	1		6	78	F#5	5	226
31	31	90	2.0	0	0	3/4	1	2	1/2		1/2	1		6	78	F#5	5	231
31	31	181/2	1.0	1/8	1/8	3/4	2	1	1/4		1/4	1		4	64	E4	4	233
31	31	181/2	1.0	1/8	1/8	3/4	1	1	1/4		1/4	1		6	66	F#4	4	227
31	31	181/2	1.0	1/8	1/8	3/4	2	1	1/4		1/4	1		3	69	A4	4	233
31	31	181/2	1.0	1/8	1/8	3/4	1	1	1/4		1/4	1		7	73	C#5	5	227
31	31	183/2	0.5	3/8	3/8	3/4	2	1	1/8		1/8	1		4	64	E4	4	234
31	31	183/2	0.5	3/8	3/8	3/4	1	1	1/8		1/8	1		6	66	F#4	4	228
31	31	183/2	0.5	3/8	3/8	3/4	2	1	1/8		1/8	1		3	69	A4	4	234
31	31	183/2	0.5	3/8	3/8	3/4	1	1	1/8		1/8	1		7	73	C#5	5	228
31	31	92	1.0	1/2	1/2	3/4	2	2	1/4		1/4	1		9	63	D#4	4	237
31	31	92	1.0	1/2	1/2	3/4	2	1	1/4		1/4	1		4	64	E4	4	235
31	31	92	1.0	1/2	1/2	3/4	2	1	1/4		1/4	1		5	71	B4	4	235
31	31	92	0.5	1/2	1/2	3/4	1	1	1/8		1/8	1		9	75	D#5	5	229
31	31	92	0.5	1/2	1/2	3/4	1	1	1/8		1/8	1		8	80	G#5	5	229
31	31	185/2	0.5	5/8	5/8	3/4	1	1	1/8		1/8	1		8	68	G#4	4	230
31	31	185/2	0.5	5/8	5/8	3/4	1	1	1/8		1/8	1		7	73	C#5	5	230
32	32	93	1.0	0	0	3/4	2	2	1/4		1/4	1		7	61	C#4	4	248
32	32	93	1.0	0	0	3/4	2	1	1/4		1/4	1		4	64	E4	4	244
32	32	93	1.0	0	0	3/4	2	1	1/4		1/4	1		3	69	A4	4	244
32	32	93	0.5	0	0	3/4	1	1	1/8		1/8	1		7	73	C#5	5	238
32	32	93	0.5	0	0	3/4	1	1	1/8		1/8	1		6	78	F#5	5	238
32	32	187/2	0.5	1/8	1/8	3/4	1	1	1/8		1/8	1		6	66	F#4	4	239
32	32	187/2	0.5	1/8	1/8	3/4	1	1	1/8		1/8	1		7	73	C#5	5	239
32	32	94	2.0	1/4	1/4	3/4	2	2	1/2		1/2	1		9	63	D#4	4	249
32	32	94	0.5	1/4	1/4	3/4	2	1	1/8		1/8	1		4	64	E4	4	245
32	32	94	0.5	1/4	1/4	3/4	2	1	1/8		1/8	1		5	71	B4	4	245
32	32	94	0.5	1/4	1/4	3/4	1	1	1/8		1/8	1		9	75	D#5	5	240
32	32	94	0.5	1/4	1/4	3/4	1	1	1/8		1/8	1		8	80	G#5	5	240
32	32	189/2	1.0	3/8	3/8	3/4	2	1	1/4		1/4	1		4	64	E4	4	246
32	32	189/2	0.5	3/8	3/8	3/4	1	1	1/8		1/8	1		8	68	G#4	4	241
32	32	189/2	1.0	3/8	3/8	3/4	2	1	1/4		1/4	1		5	71	B4	4	246
32	32	189/2	0.5	3/8	3/8	3/4	1	1	1/8		1/8	1		9	75	D#5	5	241
32	32	95	0.5	1/2	1/2	3/4	1	1	1/8		1/8	1		8	80	G#5	5	242
32	32	95	0.5	1/2	1/2	3/4	1	1	1/8		1/8	1		7	85	C#6	6	242
32	32	191/2	0.5	5/8	5/8	3/4	2	1	1/8		1/8	1		4	64	E4	4	247
32	32	191/2	0.5	5/8	5/8	3/4	2	1	1/8		1/8	1		5	71	B4	4	247
32	32	191/2	0.5	5/8	5/8	3/4	1	1	1/8		1/8	1		9	75	D#5	5	243
32	32	191/2	0.5	5/8	5/8	3/4	1	1	1/8		1/8	1		8	80	G#5	5	243
33	33	96	3.0	0	0	3/4	2	2	3/4		1/2	3/2		7	61	C#4	4	259
33	33	96	0.5	0	0	3/4	2	1	1/8		1/8	1		4	64	E4	4	255
33	33	96	0.5	0	0	3/4	2	1	1/8		1/8	1		3	69	A4	4	255
33	33	96	0.5	0	0	3/4	1	1	1/8		1/8	1		7	73	C#5	5	250
33	33	96	0.5	0	0	3/4	1	1	1/8		1/8	1		6	78	F#5	5	250
33	33	96	3.0	0	0	3/4	1	2	3/4		1/2	3/2		6	78	F#5	5	254
33	33	193/2	1.0	1/8	1/8	3/4	2	1	1/4		1/4	1		4	64	E4	4	256
33	33	193/2	1.0	1/8	1/8	3/4	1	1	1/4		1/4	1		6	66	F#4	4	251
33	33	193/2	1.0	1/8	1/8	3/4	2	1	1/4		1/4	1		3	69	A4	4	256
33	33	193/2	1.0	1/8	1/8	3/4	1	1	1/4		1/4	1		7	73	C#5	5	251
33	33	195/2	1.0	3/8	3/8	3/4	2	1	1/4		1/4	1		4	64	E4	4	257
33	33	195/2	1.0	3/8	3/8	3/4	1	1	1/4		1/4	1		6	66	F#4	4	252
33	33	195/2	1.0	3/8	3/8	3/4	2	1	1/4		1/4	1		3	69	A4	4	257
33	33	195/2	1.0	3/8	3/8	3/4	1	1	1/4		1/4	1		7	73	C#5	5	252
33	33	197/2	0.5	5/8	5/8	3/4	2	1	1/8		1/8	1		4	64	E4	4	258
33	33	197/2	0.5	5/8	5/8	3/4	1	1	1/8		1/8	1		6	66	F#4	4	253
33	33	197/2	0.5	5/8	5/8	3/4	2	1	1/8		1/8	1		3	69	A4	4	258
33	33	197/2	0.5	5/8	5/8	3/4	1	1	1/8		1/8	1		7	73	C#5	5	253
34	34	99	1.0	0	0	3/4	2	2	1/4		1/4	1		9	63	D#4	4	272
34	34	99	1.0	0	0	3/4	2	1	1/4		1/4	1		4	64	E4	4	269
34	34	99	1.0	0	0	3/4	2	1	1/4		1/4	1		5	71	B4	4	269
34	34	99	0.5	0	0	3/4	1	1	1/8		1/8	1		9	75	D#5	5	260
34	34	99	1.0	0	0	3/4	1	2	1/4		1/4	1		8	80	G#5	5	266
34	34	199/2	0.5	1/8	1/8	3/4	1	1	1/8		1/8	1		8	68	G#4	4	261
34	34	199/2	0.5	1/8	1/8	3/4	1	1	1/8		1/8	1		9	75	D#5	5	261
34	34	100	1.0	1/4	1/4	3/4	2	2	1/4		1/4	1		7	61	C#4	4	273
34	34	100	1.0	1/4	1/4	3/4	2	1	1/4		1/4	1		4	64	E4	4	270
34	34	100	1.0	1/4	1/4	3/4	2	1	1/4		1/4	1		3	69	A4	4	270
34	34	100	0.5	1/4	1/4	3/4	1	1	1/8		1/8	1		7	73	C#5	5	262
34	34	100	1.0	1/4	1/4	3/4	1	2	1/4		1/4	1		6	78	F#5	5	267
34	34	201/2	0.5	3/8	3/8	3/4	1	1	1/8		1/8	1		6	66	F#4	4	263
34	34	201/2	0.5	3/8	3/8	3/4	1	1	1/8		1/8	1		7	73	C#5	5	263
34	34	101	1.0	1/2	1/2	3/4	2	2	1/4		1/4	1		9	63	D#4	4	274
34	34	101	1.0	1/2	1/2	3/4	2	1	1/4		1/4	1		4	64	E4	4	271
34	34	101	1.0	1/2	1/2	3/4	2	1	1/4		1/4	1		5	71	B4	4	271
34	34	101	0.5	1/2	1/2	3/4	1	1	1/8		1/8	1		9	75	D#5	5	264
34	34	101	1.0	1/2	1/2	3/4	1	2	1/4		1/4	1		8	80	G#5	5	268
34	34	203/2	0.5	5/8	5/8	3/4	1	1	1/8		1/8	1		8	68	G#4	4	265
34	34	203/2	0.5	5/8	5/8	3/4	1	1	1/8		1/8	1		9	75	D#5	5	265
35	35	102	3.0	0	0	3/4	2	2	3/4		1/2	3/2		5	59	B3	3	283
35	35	102	0.5	0	0	3/4	2	1	1/8		1/8	1		7	61	C#4	4	279
35	35	102	3.0	0	0	3/4	1	2	3/4		1/2	3/2		4	64	E4	4	278
35	35	102	3.0	0	0	3/4	1	2	3/4		1/2	3/2		8	68	G#4	4	278
35	35	102	1.5	0	0	3/4	1	1	3/8		1/4	3/2		7	73	C#5	5	275
35	35	205/2	1.0	1/8	1/8	3/4	2	1	1/4		1/4	1		7	61	C#4	4	280
35	35	207/2	1.0	3/8	3/8	3/4	2	1	1/4		1/4	1		7	61	C#4	4	281
35	35	207/2	0.5	3/8	3/8	3/4	1	1	1/8		1/8	1		9	75	D#5	5	276
35	35	104	1.0	1/2	1/2	3/4	1	1	1/4		1/4	1		7	73	C#5	5	277
35	35	209/2	0.5	5/8	5/8	3/4	2	1	1/8		1/8	1	1	7	61	C#4	4	282
36	36	105	3.0	0	0	3/4	2	2	3/4		1/2	3/2		10	58	A#3	3	292
36	36	105	0.5	0	0	3/4	2	1	1/8		1/8	1	-1	7	61	C#4	4	288
36	36	105	3.0	0	0	3/4	1	2	3/4		1/2	3/2		4	64	E4	4	287
36	36	105	3.0	0	0	3/4	1	2	3/4		1/2	3/2		13	67	F##4	4	287
36	36	105	1.5	0	0	3/4	1	1	3/8		1/4	3/2		9	75	D#5	5	284
36	36	211/2	1.0	1/8	1/8	3/4	2	1	1/4		1/4	1		7	61	C#4	4	289
36	36	213/2	1.0	3/8	3/8	3/4	2	1	1/4		1/4	1		7	61	C#4	4	290
36	36	213/2	0.5	3/8	3/8	3/4	1	1	1/8		1/8	1		7	73	C#5	5	285
36	36	107	1.0	1/2	1/2	3/4	1	1	1/4		1/4	1		9	75	D#5	5	286
36	36	215/2	0.5	5/8	5/8	3/4	2	1	1/8		1/8	1	1	7	61	C#4	4	291
37	37	108	3.0	0	0	3/4	2	2	3/4		1/2	3/2		8	56	G#3	3	301
37	37	108	0.5	0	0	3/4	2	1	1/8		1/8	1	-1	7	61	C#4	4	297
37	37	108	3.0	0	0	3/4	1	2	3/4		1/2	3/2		4	64	E4	4	296
37	37	108	3.0	0	0	3/4	1	2	3/4		1/2	3/2		5	71	B4	4	296
37	37	108	1.5	0	0	3/4	1	1	3/8		1/4	3/2		7	73	C#5	5	293
37	37	217/2	1.0	1/8	1/8	3/4	2	1	1/4		1/4	1		7	61	C#4	4	298
37	37	219/2	1.0	3/8	3/8	3/4	2	1	1/4		1/4	1		7	61	C#4	4	299
37	37	219/2	0.5	3/8	3/8	3/4	1	1	1/8		1/8	1		9	75	D#5	5	294
37	37	110	1.0	1/2	1/2	3/4	1	1	1/4		1/4	1		7	73	C#5	5	295
37	37	221/2	0.5	5/8	5/8	3/4	2	1	1/8		1/8	1	1	7	61	C#4	4	300
38	38	111	3.0	0	0	3/4	2	2	3/4		1/2	3/2		1	55	G3	3	310
38	38	111	0.5	0	0	3/4	2	1	1/8		1/8	1	-1	7	61	C#4	4	306
38	38	111	3.0	0	0	3/4	1	2	3/4		1/2	3/2		4	64	E4	4	305
38	38	111	3.0	0	0	3/4	1	2	3/4		1/2	3/2		10	70	A#4	4	305
38	38	111	1.5	0	0	3/4	1	1	3/8		1/4	3/2		9	75	D#5	5	302
38	38	223/2	1.0	1/8	1/8	3/4	2	1	1/4		1/4	1		7	61	C#4	4	307
38	38	225/2	1.0	3/8	3/8	3/4	2	1	1/4		1/4	1		7	61	C#4	4	308
38	38	225/2	0.5	3/8	3/8	3/4	1	1	1/8		1/8	1		7	73	C#5	5	303
38	38	113	1.0	1/2	1/2	3/4	1	1	1/4		1/4	1		9	75	D#5	5	304
38	38	227/2	0.5	5/8	5/8	3/4	2	1	1/8		1/8	1	1	7	61	C#4	4	309
39	39	114	3.0	0	0	3/4	2	2	3/4		1/2	3/2	1	6	54	F#3	3	318
39	39	114	1.0	0	0	3/4	2	1	1/4		1/4	1	-1	7	61	C#4	4	314
39	39	229/2	1.0	1/8	1/8	3/4	1	1	1/4		1/4	1		5	59	B3	3	311
39	39	229/2	1.0	1/8	1/8	3/4	1	1	1/4		1/4	1		4	64	E4	4	311
39	39	229/2	1.0	1/8	1/8	3/4	1	1	1/4		1/4	1		8	68	G#4	4	311
39	39	115	0.5	1/4	1/4	3/4	2	1	1/8		1/8	1		9	63	D#4	4	315
39	39	231/2	1.0	3/8	3/8	3/4	1	1	1/4		1/4	1		5	59	B3	3	312
39	39	231/2	0.5	3/8	3/8	3/4	2	1	1/8		1/8	1		7	61	C#4	4	316
39	39	231/2	1.0	3/8	3/8	3/4	1	1	1/4		1/4	1		4	64	E4	4	312
39	39	231/2	1.0	3/8	3/8	3/4	1	1	1/4		1/4	1		8	68	G#4	4	312
39	39	116	1.0	1/2	1/2	3/4	2	1	1/4		1/4	1		9	63	D#4	4	317
39	39	233/2	0.5	5/8	5/8	3/4	1	1	1/8		1/8	1		5	59	B3	3	313
39	39	233/2	0.5	5/8	5/8	3/4	1	1	1/8		1/8	1		4	64	E4	4	313
39	39	233/2	0.5	5/8	5/8	3/4	1	1	1/8		1/8	1		8	68	G#4	4	313
40	40	117	3.0	0	0	3/4	2	2	3/4		1/2	3/2	-1	6	54	F#3	3	326
40	40	117	1.0	0	0	3/4	2	1	1/4		1/4	1		7	61	C#4	4	322
40	40	235/2	1.0	1/8	1/8	3/4	1	1	1/4		1/4	1		5	59	B3	3	319
40	40	235/2	1.0	1/8	1/8	3/4	1	1	1/4		1/4	1		4	64	E4	4	319
40	40	235/2	1.0	1/8	1/8	3/4	1	1	1/4		1/4	1		1	67	G4	4	319
40	40	118	0.5	1/4	1/4	3/4	2	1	1/8		1/8	1		9	63	D#4	4	323
40	40	237/2	1.0	3/8	3/8	3/4	1	1	1/4		1/4	1		5	59	B3	3	320
40	40	237/2	0.5	3/8	3/8	3/4	2	1	1/8		1/8	1		7	61	C#4	4	324
40	40	237/2	1.0	3/8	3/8	3/4	1	1	1/4		1/4	1		4	64	E4	4	320
40	40	237/2	1.0	3/8	3/8	3/4	1	1	1/4		1/4	1		1	67	G4	4	320
40	40	119	1.0	1/2	1/2	3/4	2	1	1/4		1/4	1		9	63	D#4	4	325
40	40	239/2	0.5	5/8	5/8	3/4	1	1	1/8		1/8	1		5	59	B3	3	321
40	40	239/2	0.5	5/8	5/8	3/4	1	1	1/8		1/8	1		4	64	E4	4	321
40	40	239/2	0.5	5/8	5/8	3/4	1	1	1/8		1/8	1		1	67	G4	4	321
41	41	120	3.0	0	0	3/4	2	2	3/4		1/2	3/2	1	6	54	F#3	3	334
41	41	120	1.0	0	0	3/4	2	1	1/4		1/4	1		7	61	C#4	4	330
41	41	241/2	1.0	1/8	1/8	3/4	1	1	1/4		1/4	1		5	59	B3	3	327
41	41	241/2	1.0	1/8	1/8	3/4	1	1	1/4		1/4	1		4	64	E4	4	327
41	41	241/2	1.0	1/8	1/8	3/4	1	1	1/4		1/4	1		6	66	F#4	4	327
41	41	121	0.5	1/4	1/4	3/4	2	1	1/8		1/8	1		9	63	D#4	4	331
41	41	243/2	1.0	3/8	3/8	3/4	1	1	1/4		1/4	1		5	59	B3	3	328
41	41	243/2	0.5	3/8	3/8	3/4	2	1	1/8		1/8	1		7	61	C#4	4	332
41	41	243/2	1.0	3/8	3/8	3/4	1	1	1/4		1/4	1		4	64	E4	4	328
41	41	243/2	1.0	3/8	3/8	3/4	1	1	1/4		1/4	1		6	66	F#4	4	328
41	41	122	1.0	1/2	1/2	3/4	2	1	1/4		1/4	1		9	63	D#4	4	333
41	41	245/2	0.5	5/8	5/8	3/4	1	1	1/8		1/8	1		5	59	B3	3	329
41	41	245/2	0.5	5/8	5/8	3/4	1	1	1/8		1/8	1		4	64	E4	4	329
41	41	245/2	0.5	5/8	5/8	3/4	1	1	1/8		1/8	1		6	66	F#4	4	329
42	42	123	1.0	0	0	3/4	2	1	1/4		1/4	1	-1	6	54	F#3	3	338
42	42	123	1.0	0	0	3/4	2	2	1/4		1/4	1		7	61	C#4	4	341
42	42	247/2	1.0	1/8	1/8	3/4	1	1	1/4		1/4	1		10	58	A#3	3	335
42	42	247/2	1.0	1/8	1/8	3/4	1	1	1/4		1/4	1		4	64	E4	4	335
42	42	247/2	1.0	1/8	1/8	3/4	1	1	1/4		1/4	1		6	66	F#4	4	335
42	42	124	1.0	1/4	1/4	3/4	2	1	1/4		1/4	1		9	51	D#3	3	339
42	42	249/2	1.0	3/8	3/8	3/4	1	1	1/4		1/4	1		10	58	A#3	3	336
42	42	249/2	1.0	3/8	3/8	3/4	1	1	1/4		1/4	1		4	64	E4	4	336
42	42	249/2	1.0	3/8	3/8	3/4	1	1	1/4		1/4	1		6	66	F#4	4	336
42	42	125	1.0	1/2	1/2	3/4	2	1	1/4		1/4	1		7	49	C#3	3	340
42	42	251/2	0.5	5/8	5/8	3/4	1	1	1/8		1/8	1		10	58	A#3	3	337
42	42	251/2	0.5	5/8	5/8	3/4	1	1	1/8		1/8	1		4	64	E4	4	337
42	42	251/2	0.5	5/8	5/8	3/4	1	1	1/8		1/8	1		6	66	F#4	4	337
43	43	126	0.5	0	0	3/4	2	1	1/8		1/8	1		5	47	B2	2	348
43	43	126	0.5	0	0	3/4	1	1	1/8		1/8	1		5	59	B3	3	342
43	43	253/2	0.5	1/8	1/8	3/4	1	1	1/8		1/8	1		6	66	F#4	4	343
43	43	253/2	0.5	1/8	1/8	3/4	1	1	1/8		1/8	1		5	71	B4	4	343
43	43	127	0.5	1/4	1/4	3/4	1	1	1/8		1/8	1		5	59	B3	3	344
43	43	127	0.5	1/4	1/4	3/4	2	1	1/8		1/8	1		5	59	B3	3	349
43	43	255/2	0.5	3/8	3/8	3/4	1	1	1/8		1/8	1		5	59	B3	3	345
43	43	255/2	0.5	3/8	3/8	3/4	1	1	1/8		1/8	1		6	66	F#4	4	345
43	43	255/2	0.5	3/8	3/8	3/4	1	1	1/8		1/8	1		5	71	B4	4	345
43	43	128	0.5	1/2	1/2	3/4	1	1	1/8		1/8	1		5	59	B3	3	346
43	43	128	0.5	1/2	1/2	3/4	2	1	1/8		1/8	1		5	59	B3	3	350
43	43	257/2	0.5	5/8	5/8	3/4	1	1	1/8		1/8	1		5	59	B3	3	347
43	43	257/2	0.5	5/8	5/8	3/4	1	1	1/8		1/8	1		6	66	F#4	4	347
43	43	257/2	0.5	5/8	5/8	3/4	1	1	1/8		1/8	1		5	71	B4	4	347
44	44	129	0.5	0	0	3/4	1	1	1/8		1/8	1		5	59	B3	3	351
44	44	129	0.5	0	0	3/4	2	1	1/8		1/8	1		5	59	B3	3	357
44	44	259/2	0.5	1/8	1/8	3/4	1	1	1/8		1/8	1		5	59	B3	3	352
44	44	259/2	0.5	1/8	1/8	3/4	1	1	1/8		1/8	1		6	66	F#4	4	352
44	44	259/2	0.5	1/8	1/8	3/4	1	1	1/8		1/8	1		5	71	B4	4	352
44	44	130	0.5	1/4	1/4	3/4	1	1	1/8		1/8	1		5	59	B3	3	353
44	44	130	0.5	1/4	1/4	3/4	2	1	1/8		1/8	1		5	59	B3	3	358
44	44	261/2	0.5	3/8	3/8	3/4	1	1	1/8		1/8	1		5	59	B3	3	354
44	44	261/2	0.5	3/8	3/8	3/4	1	1	1/8		1/8	1		6	66	F#4	4	354
44	44	261/2	0.5	3/8	3/8	3/4	1	1	1/8		1/8	1		5	71	B4	4	354
44	44	131	0.5	1/2	1/2	3/4	1	1	1/8		1/8	1		5	59	B3	3	355
44	44	131	0.5	1/2	1/2	3/4	2	1	1/8		1/8	1		5	59	B3	3	359
44	44	263/2	0.5	5/8	5/8	3/4	1	1	1/8		1/8	1		5	59	B3	3	356
44	44	263/2	0.5	5/8	5/8	3/4	1	1	1/8		1/8	1		6	66	F#4	4	356
44	44	263/2	0.5	5/8	5/8	3/4	1	1	1/8		1/8	1		5	71	B4	4	356
45	45	132	3.0	0	0	3/4	2	2	3/4		1/2	3/2	1	5	59	B3	3	366
45	45	132	1.5	0	0	3/4	2	1	3/8		1/4	3/2		7	61	C#4	4	363
45	45	265/2	0.5	1/8	1/8	3/4	1	1	1/8		1/8	1		6	66	F#4	4	360
45	45	265/2	0.5	1/8	1/8	3/4	1	1	1/8		1/8	1		5	71	B4	4	360
45	45	267/2	0.5	3/8	3/8	3/4	2	1	1/8		1/8	1		2	62	D4	4	364
45	45	267/2	0.5	3/8	3/8	3/4	1	1	1/8		1/8	1		6	66	F#4	4	361
45	45	267/2	0.5	3/8	3/8	3/4	1	1	1/8		1/8	1		5	71	B4	4	361
45	45	134	1.0	1/2	1/2	3/4	2	1	1/4		1/4	1		4	64	E4	4	365
45	45	269/2	0.5	5/8	5/8	3/4	1	1	1/8		1/8	1		6	66	F#4	4	362
45	45	269/2	0.5	5/8	5/8	3/4	1	1	1/8		1/8	1		5	71	B4	4	362
46	46	135	3.0	0	0	3/4	2	2	3/4		1/2	3/2	-1	5	59	B3	3	373
46	46	135	1.0	0	0	3/4	2	1	1/4		1/4	1		7	61	C#4	4	370
46	46	271/2	0.5	1/8	1/8	3/4	1	1	1/8		1/8	1		6	66	F#4	4	367
46	46	271/2	0.5	1/8	1/8	3/4	1	1	1/8		1/8	1		5	71	B4	4	367
46	46	136	1.0	1/4	1/4	3/4	2	1	1/4		1/4	1		2	62	D4	4	371
46	46	273/2	0.5	3/8	3/8	3/4	1	1	1/8		1/8	1		6	66	F#4	4	368
46	46	273/2	0.5	3/8	3/8	3/4	1	1	1/8		1/8	1		5	71	B4	4	368
46	46	137	1.0	1/2	1/2	3/4	2	1	1/4		1/4	1		4	64	E4	4	372
46	46	275/2	0.5	5/8	5/8	3/4	1	1	1/8		1/8	1		6	66	F#4	4	369
46	46	275/2	0.5	5/8	5/8	3/4	1	1	1/8		1/8	1		5	71	B4	4	369
47	47	138	3.0	0	0	3/4	2	2	3/4		1/2	3/2	1	5	59	B3	3	379
47	47	138	2.0	0	0	3/4	2	1	1/2		1/2	1		-1	65	F4	4	377
47	47	277/2	0.5	1/8	1/8	3/4	1	1	1/8		1/8	1		1	67	G4	4	374
47	47	277/2	0.5	1/8	1/8	3/4	1	1	1/8		1/8	1		5	71	B4	4	374
47	47	279/2	0.5	3/8	3/8	3/4	1	1	1/8		1/8	1		1	67	G4	4	375
47	47	279/2	0.5	3/8	3/8	3/4	1	1	1/8		1/8	1		5	71	B4	4	375
47	47	140	1.0	1/2	1/2	3/4	2	1	1/4		1/4	1	1	4	64	E4	4	378
47	47	281/2	0.5	5/8	5/8	3/4	1	1	1/8		1/8	1		1	67	G4	4	376
47	47	281/2	0.5	5/8	5/8	3/4	1	1	1/8		1/8	1		5	71	B4	4	376
48	48	141	3.0	0	0	3/4	2	2	3/4		1/2	3/2	-1	5	59	B3	3	385
48	48	141	1.0	0	0	3/4	2	1	1/4		1/4	1	-1	4	64	E4	4	383
48	48	283/2	0.5	1/8	1/8	3/4	1	1	1/8		1/8	1		1	67	G4	4	380
48	48	283/2	0.5	1/8	1/8	3/4	1	1	1/8		1/8	1		5	71	B4	4	380
48	48	142	2.0	1/4	1/4	3/4	2	1	1/2		1/2	1		2	62	D4	4	384
48	48	285/2	0.5	3/8	3/8	3/4	1	1	1/8		1/8	1		1	67	G4	4	381
48	48	285/2	0.5	3/8	3/8	3/4	1	1	1/8		1/8	1		5	71	B4	4	381
48	48	287/2	0.5	5/8	5/8	3/4	1	1	1/8		1/8	1		1	67	G4	4	382
48	48	287/2	0.5	5/8	5/8	3/4	1	1	1/8		1/8	1		5	71	B4	4	382
49	49	144	3.0	0	0	3/4	2	2	3/4		1/2	3/2	1	5	59	B3	3	392
49	49	144	1.5	0	0	3/4	2	1	3/8		1/4	3/2		7	61	C#4	4	389
49	49	289/2	0.5	1/8	1/8	3/4	1	1	1/8		1/8	1		6	66	F#4	4	386
49	49	289/2	0.5	1/8	1/8	3/4	1	1	1/8		1/8	1		5	71	B4	4	386
49	49	291/2	0.5	3/8	3/8	3/4	2	1	1/8		1/8	1		2	62	D4	4	390
49	49	291/2	0.5	3/8	3/8	3/4	1	1	1/8		1/8	1		6	66	F#4	4	387
49	49	291/2	0.5	3/8	3/8	3/4	1	1	1/8		1/8	1		5	71	B4	4	387
49	49	146	1.0	1/2	1/2	3/4	2	1	1/4		1/4	1		4	64	E4	4	391
49	49	293/2	0.5	5/8	5/8	3/4	1	1	1/8		1/8	1		6	66	F#4	4	388
49	49	293/2	0.5	5/8	5/8	3/4	1	1	1/8		1/8	1		5	71	B4	4	388
50	50	147	3.0	0	0	3/4	2	2	3/4		1/2	3/2	-1	5	59	B3	3	399
50	50	147	1.0	0	0	3/4	2	1	1/4		1/4	1		7	61	C#4	4	396
50	50	295/2	0.5	1/8	1/8	3/4	1	1	1/8		1/8	1		6	66	F#4	4	393
50	50	295/2	0.5	1/8	1/8	3/4	1	1	1/8		1/8	1		5	71	B4	4	393
50	50	148	1.0	1/4	1/4	3/4	2	1	1/4		1/4	1		2	62	D4	4	397
50	50	297/2	0.5	3/8	3/8	3/4	1	1	1/8		1/8	1		6	66	F#4	4	394
50	50	297/2	0.5	3/8	3/8	3/4	1	1	1/8		1/8	1		5	71	B4	4	394
50	50	149	1.0	1/2	1/2	3/4	2	1	1/4		1/4	1		4	64	E4	4	398
50	50	299/2	0.5	5/8	5/8	3/4	1	1	1/8		1/8	1		6	66	F#4	4	395
50	50	299/2	0.5	5/8	5/8	3/4	1	1	1/8		1/8	1		5	71	B4	4	395
51	51	150	3.0	0	0	3/4	2	2	3/4		1/2	3/2	1	1	55	G3	3	405
51	51	150	2.0	0	0	3/4	2	1	1/2		1/2	1		-1	65	F4	4	403
51	51	301/2	0.5	1/8	1/8	3/4	1	1	1/8		1/8	1		3	69	A4	4	400
51	51	301/2	0.5	1/8	1/8	3/4	1	1	1/8		1/8	1		5	71	B4	4	400
51	51	303/2	0.5	3/8	3/8	3/4	1	1	1/8		1/8	1		3	69	A4	4	401
51	51	303/2	0.5	3/8	3/8	3/4	1	1	1/8		1/8	1		5	71	B4	4	401
51	51	152	1.0	1/2	1/2	3/4	2	1	1/4		1/4	1	1	4	64	E4	4	404
51	51	305/2	0.5	5/8	5/8	3/4	1	1	1/8		1/8	1		1	67	G4	4	402
51	51	305/2	0.5	5/8	5/8	3/4	1	1	1/8		1/8	1		5	71	B4	4	402
52	52	153	3.0	0	0	3/4	2	2	3/4		1/2	3/2	-1	1	55	G3	3	411
52	52	153	1.0	0	0	3/4	2	1	1/4		1/4	1	-1	4	64	E4	4	409
52	52	307/2	0.5	1/8	1/8	3/4	1	1	1/8		1/8	1		1	67	G4	4	406
52	52	307/2	0.5	1/8	1/8	3/4	1	1	1/8		1/8	1		5	71	B4	4	406
52	52	154	2.0	1/4	1/4	3/4	2	1	1/2		1/2	1		2	62	D4	4	410
52	52	309/2	0.5	3/8	3/8	3/4	1	1	1/8		1/8	1		-1	65	F4	4	407
52	52	309/2	0.5	3/8	3/8	3/4	1	1	1/8		1/8	1		5	71	B4	4	407
52	52	311/2	0.5	5/8	5/8	3/4	1	1	1/8		1/8	1		-1	65	F4	4	408
52	52	311/2	0.5	5/8	5/8	3/4	1	1	1/8		1/8	1		1	67	G4	4	408
53	53	156	3.0	0	0	3/4	2	2	3/4		1/2	3/2	1	-2	58	Bb3	3	418
53	53	156	1.5	0	0	3/4	2	1	3/8		1/4	3/2		2	62	D4	4	415
53	53	313/2	0.5	1/8	1/8	3/4	1	1	1/8		1/8	1		-1	65	F4	4	412
53	53	313/2	0.5	1/8	1/8	3/4	1	1	1/8		1/8	1		1	67	G4	4	412
53	53	315/2	0.5	3/8	3/8	3/4	2	1	1/8		1/8	1		4	64	E4	4	416
53	53	315/2	0.5	3/8	3/8	3/4	1	1	1/8		1/8	1		-1	65	F4	4	413
53	53	315/2	0.5	3/8	3/8	3/4	1	1	1/8		1/8	1		1	67	G4	4	413
53	53	158	1.0	1/2	1/2	3/4	2	1	1/4		1/4	1		2	62	D4	4	417
53	53	317/2	0.5	5/8	5/8	3/4	1	1	1/8		1/8	1		-1	65	F4	4	414
53	53	317/2	0.5	5/8	5/8	3/4	1	1	1/8		1/8	1		1	67	G4	4	414
54	54	159	3.0	0	0	3/4	2	2	3/4		1/2	3/2	-1	-2	58	Bb3	3	423
54	54	159	3.0	0	0	3/4	2	1	3/4		1/2	3/2		7	61	C#4	4	422
54	54	319/2	0.5	1/8	1/8	3/4	1	1	1/8		1/8	1		4	64	E4	4	419
54	54	319/2	0.5	1/8	1/8	3/4	1	1	1/8		1/8	1		3	69	A4	4	419
54	54	321/2	0.5	3/8	3/8	3/4	1	1	1/8		1/8	1		4	64	E4	4	420
54	54	321/2	0.5	3/8	3/8	3/4	1	1	1/8		1/8	1		3	69	A4	4	420
54	54	323/2	0.5	5/8	5/8	3/4	1	1	1/8		1/8	1		4	64	E4	4	421
54	54	323/2	0.5	5/8	5/8	3/4	1	1	1/8		1/8	1		3	69	A4	4	421
55	55	162	3.0	0	0	3/4	2	2	3/4		1/2	3/2	1	-2	58	Bb3	3	430
55	55	162	1.5	0	0	3/4	2	1	3/8		1/4	3/2		2	62	D4	4	427
55	55	325/2	0.5	1/8	1/8	3/4	1	1	1/8		1/8	1		-1	65	F4	4	424
55	55	325/2	0.5	1/8	1/8	3/4	1	1	1/8		1/8	1		1	67	G4	4	424
55	55	327/2	0.5	3/8	3/8	3/4	2	1	1/8		1/8	1		4	64	E4	4	428
55	55	327/2	0.5	3/8	3/8	3/4	1	1	1/8		1/8	1		-1	65	F4	4	425
55	55	327/2	0.5	3/8	3/8	3/4	1	1	1/8		1/8	1		1	67	G4	4	425
55	55	164	1.0	1/2	1/2	3/4	2	1	1/4		1/4	1		2	62	D4	4	429
55	55	329/2	0.5	5/8	5/8	3/4	1	1	1/8		1/8	1		-1	65	F4	4	426
55	55	329/2	0.5	5/8	5/8	3/4	1	1	1/8		1/8	1		1	67	G4	4	426
56	56	165	2.0	0	0	3/4	2	2	1/2		1/2	1	-1	-2	58	Bb3	3	437
56	56	165	1.0	0	0	3/4	2	1	1/4		1/4	1		7	61	C#4	4	434
56	56	331/2	0.5	1/8	1/8	3/4	1	1	1/8		1/8	1		4	64	E4	4	431
56	56	331/2	0.5	1/8	1/8	3/4	1	1	1/8		1/8	1		3	69	A4	4	431
56	56	166	1.0	1/4	1/4	3/4	2	1	1/4		1/4	1		2	62	D4	4	435
56	56	333/2	0.5	3/8	3/8	3/4	1	1	1/8		1/8	1		-1	65	F4	4	432
56	56	333/2	0.5	3/8	3/8	3/4	1	1	1/8		1/8	1		3	69	A4	4	432
56	56	167	1.0	1/2	1/2	3/4	2	2	1/4		1/4	1		3	57	A3	3	438
56	56	167	1.0	1/2	1/2	3/4	2	1	1/4		1/4	1		4	64	E4	4	436
56	56	335/2	0.5	5/8	5/8	3/4	1	1	1/8		1/8	1		1	67	G4	4	433
56	56	335/2	0.5	5/8	5/8	3/4	1	1	1/8		1/8	1		3	69	A4	4	433
57	57	168	3.0	0	0	3/4	2	2	3/4		1/2	3/2	1	-5	61	Db4	4	445
57	57	168	1.5	0	0	3/4	2	1	3/8		1/4	3/2		-1	65	F4	4	442
57	57	337/2	0.5	1/8	1/8	3/4	1	1	1/8		1/8	1		-4	68	Ab4	4	439
57	57	337/2	0.5	1/8	1/8	3/4	1	1	1/8		1/8	1		-2	70	Bb4	4	439
57	57	339/2	0.5	3/8	3/8	3/4	2	1	1/8		1/8	1		1	67	G4	4	443
57	57	339/2	0.5	3/8	3/8	3/4	1	1	1/8		1/8	1		-4	68	Ab4	4	440
57	57	339/2	0.5	3/8	3/8	3/4	1	1	1/8		1/8	1		-2	70	Bb4	4	440
57	57	170	1.0	1/2	1/2	3/4	2	1	1/4		1/4	1		-1	65	F4	4	444
57	57	341/2	0.5	5/8	5/8	3/4	1	1	1/8		1/8	1		-4	68	Ab4	4	441
57	57	341/2	0.5	5/8	5/8	3/4	1	1	1/8		1/8	1		-2	70	Bb4	4	441
58	58	171	3.0	0	0	3/4	2	2	3/4		1/2	3/2	-1	-5	61	Db4	4	450
58	58	171	3.0	0	0	3/4	2	1	3/4		1/2	3/2		4	64	E4	4	449
58	58	343/2	0.5	1/8	1/8	3/4	1	1	1/8		1/8	1		1	67	G4	4	446
58	58	343/2	0.5	1/8	1/8	3/4	1	1	1/8		1/8	1		0	72	C5	5	446
58	58	345/2	0.5	3/8	3/8	3/4	1	1	1/8		1/8	1		1	67	G4	4	447
58	58	345/2	0.5	3/8	3/8	3/4	1	1	1/8		1/8	1		0	72	C5	5	447
58	58	347/2	0.5	5/8	5/8	3/4	1	1	1/8		1/8	1		1	67	G4	4	448
58	58	347/2	0.5	5/8	5/8	3/4	1	1	1/8		1/8	1		0	72	C5	5	448
59	59	174	3.0	0	0	3/4	2	2	3/4		1/2	3/2	1	-5	61	Db4	4	457
59	59	174	1.5	0	0	3/4	2	1	3/8		1/4	3/2		-1	65	F4	4	454
59	59	349/2	0.5	1/8	1/8	3/4	1	1	1/8		1/8	1		-4	68	Ab4	4	451
59	59	349/2	0.5	1/8	1/8	3/4	1	1	1/8		1/8	1		-2	70	Bb4	4	451
59	59	351/2	0.5	3/8	3/8	3/4	2	1	1/8		1/8	1		1	67	G4	4	455
59	59	351/2	0.5	3/8	3/8	3/4	1	1	1/8		1/8	1		-4	68	Ab4	4	452
59	59	351/2	0.5	3/8	3/8	3/4	1	1	1/8		1/8	1		-2	70	Bb4	4	452
59	59	176	1.0	1/2	1/2	3/4	2	1	1/4		1/4	1		-1	65	F4	4	456
59	59	353/2	0.5	5/8	5/8	3/4	1	1	1/8		1/8	1		-4	68	Ab4	4	453
59	59	353/2	0.5	5/8	5/8	3/4	1	1	1/8		1/8	1		-2	70	Bb4	4	453
60	60	177	2.0	0	0	3/4	2	2	1/2		1/2	1	-1	-5	61	Db4	4	464
60	60	177	1.0	0	0	3/4	2	1	1/4		1/4	1		4	64	E4	4	461
60	60	355/2	0.5	1/8	1/8	3/4	1	1	1/8		1/8	1		1	67	G4	4	458
60	60	355/2	0.5	1/8	1/8	3/4	1	1	1/8		1/8	1		0	72	C5	5	458
60	60	178	1.0	1/4	1/4	3/4	2	1	1/4		1/4	1		-1	65	F4	4	462
60	60	357/2	0.5	3/8	3/8	3/4	1	1	1/8		1/8	1		-4	68	Ab4	4	459
60	60	357/2	0.5	3/8	3/8	3/4	1	1	1/8		1/8	1		0	72	C5	5	459
60	60	179	1.0	1/2	1/2	3/4	2	2	1/4		1/4	1		0	60	C4	4	465
60	60	179	1.0	1/2	1/2	3/4	2	1	1/4		1/4	1		1	67	G4	4	463
60	60	359/2	0.5	5/8	5/8	3/4	1	1	1/8		1/8	1		-2	70	Bb4	4	460
60	60	359/2	0.5	5/8	5/8	3/4	1	1	1/8		1/8	1		0	72	C5	5	460
61	61	180	0.5	0	0	3/4	2	1	1/8		1/8	1		-1	65	F4	4	466
61	61	361/2	0.5	1/8	1/8	3/4	2	1	1/8		1/8	1		-4	68	Ab4	4	467
61	61	181	0.5	1/4	1/4	3/4	2	1	1/8		1/8	1		0	72	C5	5	468
61	61	363/2	0.5	3/8	3/8	3/4	2	1	1/8		1/8	1		-3	75	Eb5	5	469
61	61	182	0.5	1/2	1/2	3/4	2	1	1/8		1/8	1		2	74	D5	5	470
61	61	365/2	0.5	5/8	5/8	3/4	2	1	1/8		1/8	1		0	72	C5	5	471
62	62	183	0.5	0	0	3/4	1	1	1/8		1/8	1		-2	70	Bb4	4	472
62	62	367/2	0.5	1/8	1/8	3/4	1	1	1/8		1/8	1		-4	68	Ab4	4	473
62	62	184	0.5	1/4	1/4	3/4	1	1	1/8		1/8	1		1	67	G4	4	474
62	62	369/2	0.5	3/8	3/8	3/4	1	1	1/8		1/8	1		-1	65	F4	4	475
62	62	185	0.5	1/2	1/2	3/4	1	1	1/8		1/8	1		-3	63	Eb4	4	476
62	62	371/2	0.5	5/8	5/8	3/4	1	1	1/8		1/8	1		2	62	D4	4	477
63	63	186	0.5	0	0	3/4	1	1	1/8		1/8	1		0	60	C4	4	478
63	63	373/2	0.5	1/8	1/8	3/4	1	1	1/8		1/8	1		-3	63	Eb4	4	479
63	63	187	0.5	1/4	1/4	3/4	2	1	1/8		1/8	1		0	60	C4	4	482
63	63	187	0.5	1/4	1/4	3/4	1	1	1/8		1/8	1		-3	63	Eb4	4	480
63	63	187	0.5	1/4	1/4	3/4	1	1	1/8		1/8	1		1	67	G4	4	480
63	63	188	0.5	1/2	1/2	3/4	2	1	1/8		1/8	1		-2	58	Bb3	3	483
63	63	188	0.5	1/2	1/2	3/4	2	1	1/8		1/8	1		2	62	D4	4	483
63	63	188	0.5	1/2	1/2	3/4	1	1	1/8		1/8	1		-3	63	Eb4	4	481
63	63	188	0.5	1/2	1/2	3/4	1	1	1/8		1/8	1		1	67	G4	4	481
64	64	189	0.5	0	0	3/4	1	1	1/8		1/8	1		0	60	C4	4	484
64	64	379/2	0.5	1/8	1/8	3/4	1	1	1/8		1/8	1		-3	63	Eb4	4	485
64	64	190	0.5	1/4	1/4	3/4	2	1	1/8		1/8	1		-4	56	Ab3	3	488
64	64	190	0.5	1/4	1/4	3/4	2	1	1/8		1/8	1		0	60	C4	4	488
64	64	190	0.5	1/4	1/4	3/4	1	1	1/8		1/8	1		-3	63	Eb4	4	486
64	64	190	0.5	1/4	1/4	3/4	1	1	1/8		1/8	1		1	67	G4	4	486
64	64	191	0.5	1/2	1/2	3/4	2	1	1/8		1/8	1		1	55	G3	3	489
64	64	191	0.5	1/2	1/2	3/4	2	1	1/8		1/8	1		-2	58	Bb3	3	489
64	64	191	0.5	1/2	1/2	3/4	1	1	1/8		1/8	1		-3	63	Eb4	4	487
64	64	191	0.5	1/2	1/2	3/4	1	1	1/8		1/8	1		1	67	G4	4	487
66	66	196	0.5	1/4	1/4	3/4	2	1	1/8		1/8	1		-4	56	Ab3	3	490
66	66	196	0.5	1/4	1/4	3/4	2	1	1/8		1/8	1		-2	58	Bb3	3	490
66	66	197	0.5	1/2	1/2	3/4	2	1	1/8		1/8	1		-4	56	Ab3	3	491
66	66	197	0.5	1/2	1/2	3/4	2	1	1/8		1/8	1		-2	58	Bb3	3	491
67	67	198	0.5	0	0	3/4	2	1	1/8		1/8	1		-4	56	Ab3	3	492
67	67	198	0.5	0	0	3/4	2	1	1/8		1/8	1		-2	58	Bb3	3	492
67	67	199	0.5	1/4	1/4	3/4	2	1	1/8		1/8	1		-4	56	Ab3	3	493
67	67	199	0.5	1/4	1/4	3/4	2	1	1/8		1/8	1		-2	58	Bb3	3	493
67	67	200	0.5	1/2	1/2	3/4	2	1	1/8		1/8	1		-4	56	Ab3	3	494
67	67	200	0.5	1/2	1/2	3/4	2	1	1/8		1/8	1		-2	58	Bb3	3	494
68	68	201	0.5	0	0	3/4	2	1	1/8		1/8	1		-4	56	Ab3	3	495
68	68	201	0.5	0	0	3/4	2	1	1/8		1/8	1		-2	58	Bb3	3	495
68	68	202	0.5	1/4	1/4	3/4	2	1	1/8		1/8	1		-4	56	Ab3	3	496
68	68	202	0.5	1/4	1/4	3/4	2	1	1/8		1/8	1		-2	58	Bb3	3	496
68	68	203	0.5	1/2	1/2	3/4	2	1	1/8		1/8	1		-4	56	Ab3	3	497
68	68	203	0.5	1/2	1/2	3/4	2	1	1/8		1/8	1		-2	58	Bb3	3	497
69	69	204	0.5	0	0	3/4	2	1	1/8		1/8	1		-4	56	Ab3	3	503
69	69	204	0.5	0	0	3/4	2	1	1/8		1/8	1		-2	58	Bb3	3	503
69	69	204	2.0	0	0	3/4	1	2	1/2		1/2	1		0	60	C4	4	501
69	69	204	0.5	0	0	3/4	1	1	1/8		1/8	1		-3	63	Eb4	4	498
69	69	204	2.0	0	0	3/4	1	2	1/2		1/2	1		-3	63	Eb4	4	501
69	69	409/2	0.5	1/8	1/8	3/4	1	1	1/8		1/8	1	1	-6	66	Gb4	4	499
69	69	205	0.5	1/4	1/4	3/4	2	1	1/8		1/8	1		-4	56	Ab3	3	504
69	69	205	0.5	1/4	1/4	3/4	2	1	1/8		1/8	1		-2	58	Bb3	3	504
69	69	205	2.0	1/4	1/4	3/4	1	1	1/2		1/2	1	-1	-6	66	Gb4	4	500
69	69	205	2.0	1/4	1/4	3/4	1	1	1/2		1/2	1		-2	70	Bb4	4	500
69	69	206	0.5	1/2	1/2	3/4	2	1	1/8		1/8	1		-4	56	Ab3	3	505
69	69	206	0.5	1/2	1/2	3/4	2	1	1/8		1/8	1		-2	58	Bb3	3	505
69	69	206	0.5	1/2	1/2	3/4	1	2	1/8		1/8	1		0	60	C4	4	502
69	69	206	0.5	1/2	1/2	3/4	1	2	1/8		1/8	1		-3	63	Eb4	4	502
70	70	207	0.5	0	0	3/4	2	1	1/8		1/8	1		-4	56	Ab3	3	511
70	70	207	0.5	0	0	3/4	2	1	1/8		1/8	1		-2	58	Bb3	3	511
70	70	207	2.0	0	0	3/4	1	2	1/2		1/2	1		2	62	D4	4	509
70	70	207	0.5	0	0	3/4	1	1	1/8		1/8	1		-1	65	F4	4	506
70	70	207	2.0	0	0	3/4	1	2	1/2		1/2	1		-1	65	F4	4	509
70	70	415/2	0.5	1/8	1/8	3/4	1	1	1/8		1/8	1	1	-4	68	Ab4	4	507
70	70	208	0.5	1/4	1/4	3/4	2	1	1/8		1/8	1		-4	56	Ab3	3	512
70	70	208	0.5	1/4	1/4	3/4	2	1	1/8		1/8	1		-2	58	Bb3	3	512
70	70	208	2.0	1/4	1/4	3/4	1	1	1/2		1/2	1	-1	-4	68	Ab4	4	508
70	70	208	2.0	1/4	1/4	3/4	1	1	1/2		1/2	1		0	72	C5	5	508
70	70	209	0.5	1/2	1/2	3/4	2	1	1/8		1/8	1		-4	56	Ab3	3	513
70	70	209	0.5	1/2	1/2	3/4	2	1	1/8		1/8	1		-2	58	Bb3	3	513
70	70	209	0.5	1/2	1/2	3/4	1	2	1/8		1/8	1		2	62	D4	4	510
70	70	209	0.5	1/2	1/2	3/4	1	2	1/8		1/8	1		-1	65	F4	4	510
71	71	210	0.5	0	0	3/4	2	1	1/8		1/8	1		-4	56	Ab3	3	522
71	71	210	0.5	0	0	3/4	2	1	1/8		1/8	1		-2	58	Bb3	3	522
71	71	210	1.5	0	0	3/4	1	2	3/8		1/4	3/2		0	60	C4	4	520
71	71	210	0.5	0	0	3/4	1	1	1/8		1/8	1		-3	63	Eb4	4	514
71	71	210	1.5	0	0	3/4	1	2	3/8		1/4	3/2		-3	63	Eb4	4	520
71	71	421/2	0.5	1/8	1/8	3/4	1	1	1/8		1/8	1		-6	66	Gb4	4	515
71	71	211	0.5	1/4	1/4	3/4	2	1	1/8		1/8	1		-4	56	Ab3	3	523
71	71	211	0.5	1/4	1/4	3/4	2	1	1/8		1/8	1		-2	58	Bb3	3	523
71	71	211	0.5	1/4	1/4	3/4	1	1	1/8		1/8	1		-2	70	Bb4	4	516
71	71	423/2	1.5	3/8	3/8	3/4	1	2	3/8		1/4	3/2		0	60	C4	4	521
71	71	423/2	0.5	3/8	3/8	3/4	1	1	1/8		1/8	1		-3	63	Eb4	4	517
71	71	423/2	1.5	3/8	3/8	3/4	1	2	3/8		1/4	3/2		-3	63	Eb4	4	521
71	71	212	0.5	1/2	1/2	3/4	2	1	1/8		1/8	1		-4	56	Ab3	3	524
71	71	212	0.5	1/2	1/2	3/4	2	1	1/8		1/8	1		-2	58	Bb3	3	524
71	71	212	0.5	1/2	1/2	3/4	1	1	1/8		1/8	1		-6	66	Gb4	4	518
71	71	425/2	0.5	5/8	5/8	3/4	1	1	1/8		1/8	1		-2	70	Bb4	4	519
72	72	213	0.5	0	0	3/4	2	1	1/8		1/8	1		-4	56	Ab3	3	531
72	72	213	0.5	0	0	3/4	2	1	1/8		1/8	1		-2	58	Bb3	3	531
72	72	213	2.0	0	0	3/4	1	2	1/2		1/2	1		2	62	D4	4	529
72	72	213	0.5	0	0	3/4	1	1	1/8		1/8	1		-1	65	F4	4	525
72	72	213	2.0	0	0	3/4	1	2	1/2		1/2	1		-1	65	F4	4	529
72	72	427/2	0.5	1/8	1/8	3/4	1	1	1/8		1/8	1		-4	68	Ab4	4	526
72	72	214	0.5	1/4	1/4	3/4	2	1	1/8		1/8	1		-4	56	Ab3	3	532
72	72	214	0.5	1/4	1/4	3/4	2	1	1/8		1/8	1		-2	58	Bb3	3	532
72	72	214	0.5	1/4	1/4	3/4	1	1	1/8		1/8	1		0	72	C5	5	527
72	72	215	0.5	1/2	1/2	3/4	2	1	1/8		1/8	1		-4	56	Ab3	3	533
72	72	215	0.5	1/2	1/2	3/4	2	1	1/8		1/8	1		-2	58	Bb3	3	533
72	72	215	0.5	1/2	1/2	3/4	1	2	1/8		1/8	1		2	62	D4	4	530
72	72	215	0.5	1/2	1/2	3/4	1	2	1/8		1/8	1		-1	65	F4	4	530
72	72	215	0.5	1/2	1/2	3/4	1	1	1/8		1/8	1		-4	68	Ab4	4	528
72	72	215	0.5	1/2	1/2	3/4	1	1	1/8		1/8	1		0	72	C5	5	528
73	73	216	0.5	0	0	3/4	2	1	1/8		1/8	1		-2	58	Bb3	3	538
73	73	216	0.5	0	0	3/4	2	1	1/8		1/8	1		0	60	C4	4	538
73	73	217	0.5	1/4	1/4	3/4	2	1	1/8		1/8	1		-2	58	Bb3	3	539
73	73	217	0.5	1/4	1/4	3/4	2	1	1/8		1/8	1		0	60	C4	4	539
73	73	217	2.0	1/4	1/4	3/4	1	2	1/2		1/2	1		2	62	D4	4	537
73	73	217	0.5	1/4	1/4	3/4	1	1	1/8		1/8	1		-1	65	F4	4	534
73	73	217	2.0	1/4	1/4	3/4	1	2	1/2		1/2	1		-1	65	F4	4	537
73	73	435/2	0.5	3/8	3/8	3/4	1	1	1/8		1/8	1	1	-4	68	Ab4	4	535
73	73	218	0.5	1/2	1/2	3/4	2	1	1/8		1/8	1		-2	58	Bb3	3	540
73	73	218	0.5	1/2	1/2	3/4	2	1	1/8		1/8	1		0	60	C4	4	540
73	73	218	1.0	1/2	1/2	3/4	1	1	1/4		1/4	1	-1	-4	68	Ab4	4	536
73	73	218	1.0	1/2	1/2	3/4	1	1	1/4		1/4	1		0	72	C5	5	536
74	74	219	0.5	0	0	3/4	2	1	1/8		1/8	1		-2	58	Bb3	3	545
74	74	219	0.5	0	0	3/4	2	1	1/8		1/8	1		0	60	C4	4	545
74	74	220	0.5	1/4	1/4	3/4	2	1	1/8		1/8	1		-2	58	Bb3	3	546
74	74	220	0.5	1/4	1/4	3/4	2	1	1/8		1/8	1		0	60	C4	4	546
74	74	220	2.0	1/4	1/4	3/4	1	2	1/2		1/2	1		4	64	E4	4	544
74	74	220	0.5	1/4	1/4	3/4	1	1	1/8		1/8	1		1	67	G4	4	541
74	74	220	2.0	1/4	1/4	3/4	1	2	1/2		1/2	1		1	67	G4	4	544
74	74	441/2	0.5	3/8	3/8	3/4	1	1	1/8		1/8	1	1	-2	70	Bb4	4	542
74	74	221	0.5	1/2	1/2	3/4	2	1	1/8		1/8	1		-2	58	Bb3	3	547
74	74	221	0.5	1/2	1/2	3/4	2	1	1/8		1/8	1		0	60	C4	4	547
74	74	221	1.0	1/2	1/2	3/4	1	1	1/4		1/4	1	-1	-2	70	Bb4	4	543
74	74	221	1.0	1/2	1/2	3/4	1	1	1/4		1/4	1		2	74	D5	5	543
75	75	222	0.5	0	0	3/4	2	1	1/8		1/8	1		-2	58	Bb3	3	556
75	75	222	0.5	0	0	3/4	2	1	1/8		1/8	1		0	60	C4	4	556
75	75	222	1.5	0	0	3/4	1	2	3/8		1/4	3/2		2	62	D4	4	554
75	75	222	0.5	0	0	3/4	1	1	1/8		1/8	1		-1	65	F4	4	548
75	75	222	1.5	0	0	3/4	1	2	3/8		1/4	3/2		-1	65	F4	4	554
75	75	445/2	0.5	1/8	1/8	3/4	1	1	1/8		1/8	1		-4	68	Ab4	4	549
75	75	223	0.5	1/4	1/4	3/4	2	1	1/8		1/8	1		-2	58	Bb3	3	557
75	75	223	0.5	1/4	1/4	3/4	2	1	1/8		1/8	1		0	60	C4	4	557
75	75	223	0.5	1/4	1/4	3/4	1	1	1/8		1/8	1		0	72	C5	5	550
75	75	447/2	1.5	3/8	3/8	3/4	1	2	3/8		1/4	3/2		2	62	D4	4	555
75	75	447/2	0.5	3/8	3/8	3/4	1	1	1/8		1/8	1		-1	65	F4	4	551
75	75	447/2	1.5	3/8	3/8	3/4	1	2	3/8		1/4	3/2		-1	65	F4	4	555
75	75	224	0.5	1/2	1/2	3/4	2	1	1/8		1/8	1		-2	58	Bb3	3	558
75	75	224	0.5	1/2	1/2	3/4	2	1	1/8		1/8	1		0	60	C4	4	558
75	75	224	0.5	1/2	1/2	3/4	1	1	1/8		1/8	1		-4	68	Ab4	4	552
75	75	449/2	0.5	5/8	5/8	3/4	1	1	1/8		1/8	1		0	72	C5	5	553
76	76	225	0.5	0	0	3/4	2	1	1/8		1/8	1		-2	58	Bb3	3	565
76	76	225	0.5	0	0	3/4	2	1	1/8		1/8	1		0	60	C4	4	565
76	76	225	2.0	0	0	3/4	1	2	1/2		1/2	1		4	64	E4	4	563
76	76	225	0.5	0	0	3/4	1	1	1/8		1/8	1		1	67	G4	4	559
76	76	225	2.0	0	0	3/4	1	2	1/2		1/2	1		1	67	G4	4	563
76	76	451/2	0.5	1/8	1/8	3/4	1	1	1/8		1/8	1		-2	70	Bb4	4	560
76	76	226	0.5	1/4	1/4	3/4	2	1	1/8		1/8	1		-2	58	Bb3	3	566
76	76	226	0.5	1/4	1/4	3/4	2	1	1/8		1/8	1		0	60	C4	4	566
76	76	226	0.5	1/4	1/4	3/4	1	1	1/8		1/8	1		2	74	D5	5	561
76	76	227	0.5	1/2	1/2	3/4	2	1	1/8		1/8	1		-2	58	Bb3	3	567
76	76	227	0.5	1/2	1/2	3/4	2	1	1/8		1/8	1		0	60	C4	4	567
76	76	227	0.5	1/2	1/2	3/4	1	2	1/8		1/8	1		4	64	E4	4	564
76	76	227	0.5	1/2	1/2	3/4	1	2	1/8		1/8	1		1	67	G4	4	564
76	76	227	0.5	1/2	1/2	3/4	1	1	1/8		1/8	1		-2	70	Bb4	4	562
76	76	227	0.5	1/2	1/2	3/4	1	1	1/8		1/8	1		2	74	D5	5	562
77	77	228	2.0	0	0	3/4	1	2	1/2		1/2	1		4	64	E4	4	572
77	77	228	0.5	0	0	3/4	1	1	1/8		1/8	1		1	67	G4	4	568
77	77	228	2.0	0	0	3/4	1	2	1/2		1/2	1		1	67	G4	4	572
77	77	457/2	0.5	1/8	1/8	3/4	1	1	1/8		1/8	1		-2	70	Bb4	4	569
77	77	229	0.5	1/4	1/4	3/4	2	1	1/8		1/8	1		-2	58	Bb3	3	573
77	77	229	0.5	1/4	1/4	3/4	2	1	1/8		1/8	1		0	60	C4	4	573
77	77	229	0.5	1/4	1/4	3/4	1	1	1/8		1/8	1		2	74	D5	5	570
77	77	230	0.5	1/2	1/2	3/4	2	1	1/8		1/8	1		-5	61	Db4	4	574
77	77	230	0.5	1/2	1/2	3/4	2	1	1/8		1/8	1		-3	63	Eb4	4	574
77	77	230	0.5	1/2	1/2	3/4	1	1	1/8		1/8	1		1	67	G4	4	571
77	77	230	0.5	1/2	1/2	3/4	1	1	1/8		1/8	1		-2	70	Bb4	4	571
77	77	230	0.5	1/2	1/2	3/4	1	1	1/8		1/8	1		-1	77	F5	5	571
78	78	231	0.5	0	0	3/4	2	1	1/8		1/8	1		4	64	E4	4	576
78	78	231	0.5	0	0	3/4	2	2	1/8		1/8	1		6	66	F#4	4	579
78	78	231	1.0	0	0	3/4	1	1	1/4		1/4	1		10	70	A#4	4	575
78	78	231	1.0	0	0	3/4	1	1	1/4		1/4	1		7	73	C#5	5	575
78	78	231	1.0	0	0	3/4	1	1	1/4		1/4	1		8	80	G#5	5	575
78	78	232	0.5	1/4	1/4	3/4	2	1	1/8		1/8	1		7	61	C#4	4	577
78	78	233	0.5	1/2	1/2	3/4	2	1	1/8		1/8	1		6	54	F#3	3	578
79	79	234	1.5	0	0	3/4	1	2	3/8		1/4	3/2		4	64	E4	4	586
79	79	234	0.5	0	0	3/4	1	1	1/8		1/8	1		1	67	G4	4	580
79	79	469/2	0.5	1/8	1/8	3/4	1	1	1/8		1/8	1		-2	70	Bb4	4	581
79	79	235	0.5	1/4	1/4	3/4	2	1	1/8		1/8	1		-2	58	Bb3	3	588
79	79	235	0.5	1/4	1/4	3/4	2	1	1/8		1/8	1		0	60	C4	4	588
79	79	235	0.5	1/4	1/4	3/4	1	1	1/8		1/8	1		2	74	D5	5	582
79	79	471/2	1.5	3/8	3/8	3/4	1	2	3/8		1/4	3/2		1	67	G4	4	587
79	79	471/2	0.5	3/8	3/8	3/4	1	1	1/8		1/8	1		-2	70	Bb4	4	583
79	79	236	0.5	1/2	1/2	3/4	2	1	1/8		1/8	1		-5	61	Db4	4	589
79	79	236	0.5	1/2	1/2	3/4	2	1	1/8		1/8	1		-3	63	Eb4	4	589
79	79	236	0.5	1/2	1/2	3/4	1	1	1/8		1/8	1		-5	73	Db5	5	584
79	79	473/2	0.5	5/8	5/8	3/4	1	1	1/8		1/8	1		-1	77	F5	5	585
80	80	237	0.5	0	0	3/4	2	1	1/8		1/8	1		4	64	E4	4	591
80	80	237	0.5	0	0	3/4	2	2	1/8		1/8	1		6	66	F#4	4	594
80	80	237	0.5	0	0	3/4	1	1	1/8		1/8	1		10	70	A#4	4	590
80	80	237	0.5	0	0	3/4	1	1	1/8		1/8	1		7	73	C#5	5	590
80	80	237	0.5	0	0	3/4	1	1	1/8		1/8	1		8	80	G#5	5	590
80	80	238	0.5	1/4	1/4	3/4	2	1	1/8		1/8	1		7	61	C#4	4	592
80	80	239	0.5	1/2	1/2	3/4	2	1	1/8		1/8	1		6	54	F#3	3	593
81	81	240	0.5	0	0	3/4	2	1	1/8		1/8	1		4	64	E4	4	596
81	81	240	0.5	0	0	3/4	2	2	1/8		1/8	1		6	66	F#4	4	599
81	81	240	0.5	0	0	3/4	1	1	1/8		1/8	1		10	70	A#4	4	595
81	81	240	0.5	0	0	3/4	1	1	1/8		1/8	1		7	73	C#5	5	595
81	81	240	0.5	0	0	3/4	1	1	1/8		1/8	1		8	80	G#5	5	595
81	81	241	0.5	1/4	1/4	3/4	2	1	1/8		1/8	1		7	61	C#4	4	597
81	81	242	0.5	1/2	1/2	3/4	2	1	1/8		1/8	1		6	54	F#3	3	598
82	82	243	0.5	0	0	3/4	2	1	1/8		1/8	1		4	64	E4	4	601
82	82	243	0.5	0	0	3/4	2	2	1/8		1/8	1		6	66	F#4	4	604
82	82	243	0.5	0	0	3/4	1	1	1/8		1/8	1		10	70	A#4	4	600
82	82	243	0.5	0	0	3/4	1	1	1/8		1/8	1		7	73	C#5	5	600
82	82	243	0.5	0	0	3/4	1	1	1/8		1/8	1		8	80	G#5	5	600
82	82	244	0.5	1/4	1/4	3/4	2	1	1/8		1/8	1		7	61	C#4	4	602
82	82	245	0.5	1/2	1/2	3/4	2	1	1/8		1/8	1		6	54	F#3	3	603
83	83	246	0.5	0	0	3/4	2	1	1/8		1/8	1		4	64	E4	4	607
83	83	247	0.5	1/4	1/4	3/4	2	1	1/8		1/8	1		7	61	C#4	4	608
83	83	248	0.5	1/2	1/2	3/4	2	1	1/8		1/8	1		6	54	F#3	3	609
83	83	248	0.5	1/2	1/2	3/4	1	1	1/8		1/8	1		8	80	G#5	5	605
83	83	497/2	0.5	5/8	5/8	3/4	1	1	1/8		1/8	1		7	85	C#6	6	606
84	84	249	0.5	0	0	3/4	2	1	1/8		1/8	1		4	64	E4	4	616
84	84	249	0.5	0	0	3/4	2	1	1/8		1/8	1		6	66	F#4	4	616
84	84	249	0.5	0	0	3/4	2	1	1/8		1/8	1		3	69	A4	4	616
84	84	249	0.5	0	0	3/4	1	2	1/8		1/8	1		7	73	C#5	5	613
84	84	249	2.0	0	0	3/4	1	1	1/2		1/2	1		6	78	F#5	5	610
84	84	250	0.5	1/4	1/4	3/4	2	1	1/8		1/8	1		4	64	E4	4	617
84	84	250	0.5	1/4	1/4	3/4	2	1	1/8		1/8	1		6	66	F#4	4	617
84	84	250	0.5	1/4	1/4	3/4	2	1	1/8		1/8	1		3	69	A4	4	617
84	84	250	0.5	1/4	1/4	3/4	1	2	1/8		1/8	1		7	73	C#5	5	614
84	84	251	0.5	1/2	1/2	3/4	2	1	1/8		1/8	1		4	64	E4	4	618
84	84	251	0.5	1/2	1/2	3/4	2	1	1/8		1/8	1		6	66	F#4	4	618
84	84	251	0.5	1/2	1/2	3/4	2	1	1/8		1/8	1		3	69	A4	4	618
84	84	251	0.5	1/2	1/2	3/4	1	2	1/8		1/8	1		7	73	C#5	5	615
84	84	251	0.5	1/2	1/2	3/4	1	1	1/8		1/8	1		8	80	G#5	5	611
84	84	503/2	0.5	5/8	5/8	3/4	1	1	1/8		1/8	1		7	85	C#6	6	612
85	85	252	0.5	0	0	3/4	2	1	1/8		1/8	1		4	64	E4	4	625
85	85	252	0.5	0	0	3/4	2	1	1/8		1/8	1		6	66	F#4	4	625
85	85	252	0.5	0	0	3/4	2	1	1/8		1/8	1		3	69	A4	4	625
85	85	252	0.5	0	0	3/4	1	2	1/8		1/8	1		7	73	C#5	5	622
85	85	252	0.5	0	0	3/4	1	1	1/8		1/8	1		6	78	F#5	5	619
85	85	253	0.5	1/4	1/4	3/4	2	1	1/8		1/8	1		4	64	E4	4	626
85	85	253	0.5	1/4	1/4	3/4	2	1	1/8		1/8	1		6	66	F#4	4	626
85	85	253	0.5	1/4	1/4	3/4	2	1	1/8		1/8	1		3	69	A4	4	626
85	85	253	0.5	1/4	1/4	3/4	1	2	1/8		1/8	1		7	73	C#5	5	623
85	85	253	0.5	1/4	1/4	3/4	1	1	1/8		1/8	1		8	80	G#5	5	620
85	85	254	0.5	1/2	1/2	3/4	2	1	1/8		1/8	1		4	64	E4	4	627
85	85	254	0.5	1/2	1/2	3/4	2	1	1/8		1/8	1		6	66	F#4	4	627
85	85	254	0.5	1/2	1/2	3/4	2	1	1/8		1/8	1		3	69	A4	4	627
85	85	254	0.5	1/2	1/2	3/4	1	1	1/8		1/8	1		7	73	C#5	5	621
85	85	254	0.5	1/2	1/2	3/4	1	2	1/8		1/8	1		7	73	C#5	5	624
86	86	255	0.5	0	0	3/4	2	1	1/8		1/8	1		4	64	E4	4	632
86	86	255	0.5	0	0	3/4	2	1	1/8		1/8	1		6	66	F#4	4	632
86	86	255	0.5	0	0	3/4	2	1	1/8		1/8	1		3	69	A4	4	632
86	86	255	0.5	0	0	3/4	1	2	1/8		1/8	1		7	73	C#5	5	629
86	86	255	3.0	0	0	3/4	1	1	3/4		1/2	3/2		6	78	F#5	5	628
86	86	256	0.5	1/4	1/4	3/4	2	1	1/8		1/8	1		4	64	E4	4	633
86	86	256	0.5	1/4	1/4	3/4	2	1	1/8		1/8	1		6	66	F#4	4	633
86	86	256	0.5	1/4	1/4	3/4	2	1	1/8		1/8	1		3	69	A4	4	633
86	86	256	0.5	1/4	1/4	3/4	1	2	1/8		1/8	1		7	73	C#5	5	630
86	86	257	0.5	1/2	1/2	3/4	2	1	1/8		1/8	1		4	64	E4	4	634
86	86	257	0.5	1/2	1/2	3/4	2	1	1/8		1/8	1		6	66	F#4	4	634
86	86	257	0.5	1/2	1/2	3/4	2	1	1/8		1/8	1		3	69	A4	4	634
86	86	257	0.5	1/2	1/2	3/4	1	2	1/8		1/8	1		7	73	C#5	5	631
87	87	258	0.5	0	0	3/4	2	1	1/8		1/8	1		9	63	D#4	4	641
87	87	258	0.5	0	0	3/4	2	1	1/8		1/8	1		6	66	F#4	4	641
87	87	258	0.5	0	0	3/4	2	1	1/8		1/8	1		3	69	A4	4	641
87	87	258	0.5	0	0	3/4	1	2	1/8		1/8	1		12	72	B#4	4	638
87	87	258	0.5	0	0	3/4	1	1	1/8		1/8	1		8	80	G#5	5	635
87	87	259	0.5	1/4	1/4	3/4	2	1	1/8		1/8	1		7	61	C#4	4	642
87	87	259	0.5	1/4	1/4	3/4	2	1	1/8		1/8	1		6	66	F#4	4	642
87	87	259	0.5	1/4	1/4	3/4	2	1	1/8		1/8	1		3	69	A4	4	642
87	87	259	0.5	1/4	1/4	3/4	1	2	1/8		1/8	1		7	73	C#5	5	639
87	87	259	0.5	1/4	1/4	3/4	1	1	1/8		1/8	1		6	78	F#5	5	636
87	87	260	0.5	1/2	1/2	3/4	2	1	1/8		1/8	1		0	60	C4	4	643
87	87	260	0.5	1/2	1/2	3/4	2	1	1/8		1/8	1		6	66	F#4	4	643
87	87	260	0.5	1/2	1/2	3/4	2	1	1/8		1/8	1		3	69	A4	4	643
87	87	260	0.5	1/2	1/2	3/4	1	2	1/8		1/8	1		2	74	D5	5	640
87	87	260	0.5	1/2	1/2	3/4	1	1	1/8		1/8	1		8	80	G#5	5	637
88	88	261	0.5	0	0	3/4	2	1	1/8		1/8	1		5	59	B3	3	648
88	88	261	0.5	0	0	3/4	2	1	1/8		1/8	1		7	61	C#4	4	648
88	88	261	0.5	0	0	3/4	2	1	1/8		1/8	1		11	65	E#4	4	648
88	88	261	0.5	0	0	3/4	1	2	1/8		1/8	1		8	68	G#4	4	645
88	88	261	3.0	0	0	3/4	1	1	3/4		1/2	3/2		7	73	C#5	5	644
88	88	262	0.5	1/4	1/4	3/4	2	1	1/8		1/8	1		5	59	B3	3	649
88	88	262	0.5	1/4	1/4	3/4	2	1	1/8		1/8	1		7	61	C#4	4	649
88	88	262	0.5	1/4	1/4	3/4	2	1	1/8		1/8	1		11	65	E#4	4	649
88	88	262	0.5	1/4	1/4	3/4	1	2	1/8		1/8	1		8	68	G#4	4	646
88	88	263	0.5	1/2	1/2	3/4	2	1	1/8		1/8	1		5	59	B3	3	650
88	88	263	0.5	1/2	1/2	3/4	2	1	1/8		1/8	1		7	61	C#4	4	650
88	88	263	0.5	1/2	1/2	3/4	2	1	1/8		1/8	1		11	65	E#4	4	650
88	88	263	0.5	1/2	1/2	3/4	1	2	1/8		1/8	1		8	68	G#4	4	647
89	89	264	0.5	0	0	3/4	2	1	1/8		1/8	1		10	58	A#3	3	657
89	89	264	0.5	0	0	3/4	2	1	1/8		1/8	1		7	61	C#4	4	657
89	89	264	0.5	0	0	3/4	2	1	1/8		1/8	1		4	64	E4	4	657
89	89	264	0.5	0	0	3/4	1	2	1/8		1/8	1		1	67	G4	4	654
89	89	264	0.5	0	0	3/4	1	1	1/8		1/8	1		9	75	D#5	5	651
89	89	265	0.5	1/4	1/4	3/4	2	1	1/8		1/8	1		8	56	G#3	3	658
89	89	265	0.5	1/4	1/4	3/4	2	1	1/8		1/8	1		7	61	C#4	4	658
89	89	265	0.5	1/4	1/4	3/4	2	1	1/8		1/8	1		4	64	E4	4	658
89	89	265	0.5	1/4	1/4	3/4	1	2	1/8		1/8	1		8	68	G#4	4	655
89	89	265	0.5	1/4	1/4	3/4	1	1	1/8		1/8	1		7	73	C#5	5	652
89	89	266	0.5	1/2	1/2	3/4	2	1	1/8		1/8	1		1	55	G3	3	659
89	89	266	0.5	1/2	1/2	3/4	2	1	1/8		1/8	1		7	61	C#4	4	659
89	89	266	0.5	1/2	1/2	3/4	2	1	1/8		1/8	1		4	64	E4	4	659
89	89	266	0.5	1/2	1/2	3/4	1	2	1/8		1/8	1		3	69	A4	4	656
89	89	266	0.5	1/2	1/2	3/4	1	1	1/8		1/8	1		9	75	D#5	5	653
90	90	267	0.5	0	0	3/4	2	1	1/8		1/8	1		6	54	F#3	3	663
90	90	267	0.5	0	0	3/4	2	1	1/8		1/8	1		10	58	A#3	3	663
90	90	267	0.5	0	0	3/4	1	1	1/8		1/8	1		7	61	C#4	4	660
90	90	267	0.5	0	0	3/4	1	1	1/8		1/8	1		4	64	E4	4	660
90	90	267	0.5	0	0	3/4	1	1	1/8		1/8	1		8	68	G#4	4	660
90	90	268	0.5	1/4	1/4	3/4	2	1	1/8		1/8	1		6	54	F#3	3	664
90	90	268	0.5	1/4	1/4	3/4	2	1	1/8		1/8	1		10	58	A#3	3	664
90	90	268	0.5	1/4	1/4	3/4	1	1	1/8		1/8	1		7	61	C#4	4	661
90	90	268	0.5	1/4	1/4	3/4	1	1	1/8		1/8	1		4	64	E4	4	661
90	90	268	0.5	1/4	1/4	3/4	1	1	1/8		1/8	1		8	68	G#4	4	661
90	90	269	0.5	1/2	1/2	3/4	2	1	1/8		1/8	1		6	54	F#3	3	665
90	90	269	0.5	1/2	1/2	3/4	2	1	1/8		1/8	1		10	58	A#3	3	665
90	90	269	0.5	1/2	1/2	3/4	1	1	1/8		1/8	1		7	61	C#4	4	662
90	90	269	0.5	1/2	1/2	3/4	1	1	1/8		1/8	1		4	64	E4	4	662
90	90	269	0.5	1/2	1/2	3/4	1	1	1/8		1/8	1		8	68	G#4	4	662
91	91	270	0.5	0	0	3/4	2	1	1/8		1/8	1		6	54	F#3	3	669
91	91	270	0.5	0	0	3/4	2	1	1/8		1/8	1		10	58	A#3	3	669
91	91	270	0.5	0	0	3/4	1	1	1/8		1/8	1		7	61	C#4	4	666
91	91	270	0.5	0	0	3/4	1	1	1/8		1/8	1		4	64	E4	4	666
91	91	270	0.5	0	0	3/4	1	1	1/8		1/8	1		8	68	G#4	4	666
91	91	271	0.5	1/4	1/4	3/4	2	1	1/8		1/8	1		6	54	F#3	3	670
91	91	271	0.5	1/4	1/4	3/4	2	1	1/8		1/8	1		10	58	A#3	3	670
91	91	271	0.5	1/4	1/4	3/4	1	1	1/8		1/8	1		7	61	C#4	4	667
91	91	271	0.5	1/4	1/4	3/4	1	1	1/8		1/8	1		4	64	E4	4	667
91	91	271	0.5	1/4	1/4	3/4	1	1	1/8		1/8	1		8	68	G#4	4	667
91	91	272	0.5	1/2	1/2	3/4	2	1	1/8		1/8	1		6	54	F#3	3	671
91	91	272	0.5	1/2	1/2	3/4	2	1	1/8		1/8	1		10	58	A#3	3	671
91	91	272	0.5	1/2	1/2	3/4	1	1	1/8		1/8	1		7	61	C#4	4	668
91	91	272	0.5	1/2	1/2	3/4	1	1	1/8		1/8	1		4	64	E4	4	668
91	91	272	0.5	1/2	1/2	3/4	1	1	1/8		1/8	1		8	68	G#4	4	668
92	92	273	0.5	0	0	3/4	2	1	1/8		1/8	1		6	54	F#3	3	675
92	92	273	0.5	0	0	3/4	2	1	1/8		1/8	1		3	57	A3	3	675
92	92	273	0.5	0	0	3/4	1	1	1/8		1/8	1		7	61	C#4	4	672
92	92	273	0.5	0	0	3/4	1	1	1/8		1/8	1		9	63	D#4	4	672
92	92	273	0.5	0	0	3/4	1	1	1/8		1/8	1		8	68	G#4	4	672
92	92	274	0.5	1/4	1/4	3/4	2	1	1/8		1/8	1		6	54	F#3	3	676
92	92	274	0.5	1/4	1/4	3/4	2	1	1/8		1/8	1		3	57	A3	3	676
92	92	274	0.5	1/4	1/4	3/4	1	1	1/8		1/8	1		7	61	C#4	4	673
92	92	274	0.5	1/4	1/4	3/4	1	1	1/8		1/8	1		9	63	D#4	4	673
92	92	274	0.5	1/4	1/4	3/4	1	1	1/8		1/8	1		8	68	G#4	4	673
92	92	275	0.5	1/2	1/2	3/4	2	1	1/8		1/8	1		6	54	F#3	3	677
92	92	275	0.5	1/2	1/2	3/4	2	1	1/8		1/8	1		3	57	A3	3	677
92	92	275	0.5	1/2	1/2	3/4	1	1	1/8		1/8	1		7	61	C#4	4	674
92	92	275	0.5	1/2	1/2	3/4	1	1	1/8		1/8	1		9	63	D#4	4	674
92	92	275	0.5	1/2	1/2	3/4	1	1	1/8		1/8	1		8	68	G#4	4	674
93	93	276	3.0	0	0	3/4	2	1	3/4		1/2	3/2	1	5	47	B2	2	681
93	93	276	0.5	0	0	3/4	1	1	1/8		1/8	1		3	57	A3	3	678
93	93	276	0.5	0	0	3/4	1	1	1/8		1/8	1		5	59	B3	3	678
93	93	277	0.5	1/4	1/4	3/4	1	1	1/8		1/8	1		3	57	A3	3	679
93	93	277	0.5	1/4	1/4	3/4	1	1	1/8		1/8	1		5	59	B3	3	679
93	93	278	0.5	1/2	1/2	3/4	1	1	1/8		1/8	1		3	57	A3	3	680
93	93	278	0.5	1/2	1/2	3/4	1	1	1/8		1/8	1		5	59	B3	3	680
94	94	279	3.0	0	0	3/4	2	2	3/4		1/2	3/2	1	4	40	E2	2	688
94	94	279	2.0	0	0	3/4	2	1	1/2		1/2	1	0	5	47	B2	2	685
94	94	279	0.5	0	0	3/4	1	1	1/8		1/8	1		8	56	G#3	3	682
94	94	279	0.5	0	0	3/4	1	1	1/8		1/8	1		5	59	B3	3	682
94	94	279	0.5	0	0	3/4	1	1	1/8		1/8	1		7	61	C#4	4	682
94	94	280	0.5	1/4	1/4	3/4	1	1	1/8		1/8	1		8	56	G#3	3	683
94	94	280	0.5	1/4	1/4	3/4	1	1	1/8		1/8	1		5	59	B3	3	683
94	94	280	0.5	1/4	1/4	3/4	1	1	1/8		1/8	1		7	61	C#4	4	683
94	94	281	0.5	1/2	1/2	3/4	2	1	1/8		1/8	1	-1	5	47	B2	2	686
94	94	281	0.5	1/2	1/2	3/4	1	1	1/8		1/8	1		8	56	G#3	3	684
94	94	281	0.5	1/2	1/2	3/4	1	1	1/8		1/8	1		5	59	B3	3	684
94	94	281	0.5	1/2	1/2	3/4	1	1	1/8		1/8	1		7	61	C#4	4	684
94	94	563/2	0.5	5/8	5/8	3/4	2	1	1/8		1/8	1		7	49	C#3	3	687
95	95	282	3.0	0	0	3/4	2	2	3/4		1/2	3/2	-1	4	40	E2	2	695
95	95	282	2.0	0	0	3/4	2	1	1/2		1/2	1	1	9	51	D#3	3	692
95	95	282	0.5	0	0	3/4	1	1	1/8		1/8	1		8	56	G#3	3	689
95	95	282	0.5	0	0	3/4	1	1	1/8		1/8	1		5	59	B3	3	689
95	95	282	0.5	0	0	3/4	1	1	1/8		1/8	1		7	61	C#4	4	689
95	95	283	0.5	1/4	1/4	3/4	1	1	1/8		1/8	1		8	56	G#3	3	690
95	95	283	0.5	1/4	1/4	3/4	1	1	1/8		1/8	1		5	59	B3	3	690
95	95	283	0.5	1/4	1/4	3/4	1	1	1/8		1/8	1		7	61	C#4	4	690
95	95	284	0.5	1/2	1/2	3/4	2	1	1/8		1/8	1	-1	9	51	D#3	3	693
95	95	284	0.5	1/2	1/2	3/4	1	1	1/8		1/8	1		8	56	G#3	3	691
95	95	284	0.5	1/2	1/2	3/4	1	1	1/8		1/8	1		5	59	B3	3	691
95	95	284	0.5	1/2	1/2	3/4	1	1	1/8		1/8	1		7	61	C#4	4	691
95	95	569/2	0.5	5/8	5/8	3/4	2	1	1/8		1/8	1		7	49	C#3	3	694
96	96	285	3.0	0	0	3/4	2	2	3/4		1/2	3/2		4	40	E2	2	702
96	96	285	1.5	0	0	3/4	2	1	3/8		1/4	3/2		0	48	C3	3	698
96	96	285	0.5	0	0	3/4	1	1	1/8		1/8	1		1	55	G3	3	696
96	96	285	0.5	0	0	3/4	1	1	1/8		1/8	1		-2	58	Bb3	3	696
96	96	285	0.5	0	0	3/4	1	1	1/8		1/8	1		2	62	D4	4	696
96	96	286	0.5	1/4	1/4	3/4	1	1	1/8		1/8	1		1	55	G3	3	697
96	96	286	0.5	1/4	1/4	3/4	1	1	1/8		1/8	1		-2	58	Bb3	3	697
96	96	286	0.5	1/4	1/4	3/4	1	1	1/8		1/8	1		2	62	D4	4	697
96	96	573/2	0.5	3/8	3/8	3/4	2	1	1/8		1/8	1		2	50	D3	3	699
96	96	287	0.5	1/2	1/2	3/4	2	1	1/8		1/8	1		4	52	E3	3	700
96	96	575/2	0.5	5/8	5/8	3/4	2	1	1/8		1/8	1		6	54	F#3	3	701
97	97	288	0.5	0	0	3/4	2	1	1/8		1/8	1		1	55	G3	3	705
97	97	577/2	0.5	1/8	1/8	3/4	2	1	1/8		1/8	1		3	57	A3	3	706
97	97	289	1.0	1/4	1/4	3/4	1	1	1/4		1/4	1		-2	58	Bb3	3	703
97	97	290	1.0	1/2	1/2	3/4	1	1	1/4		1/4	1		0	60	C4	4	704
98	98	291	3.0	0	0	3/4	2	2	3/4		1/2	3/2	1	4	40	E2	2	713
98	98	291	2.0	0	0	3/4	2	1	1/2		1/2	1	1	5	47	B2	2	710
98	98	291	0.5	0	0	3/4	1	1	1/8		1/8	1		8	56	G#3	3	707
98	98	291	0.5	0	0	3/4	1	1	1/8		1/8	1		5	59	B3	3	707
98	98	291	0.5	0	0	3/4	1	1	1/8		1/8	1		7	61	C#4	4	707
98	98	292	0.5	1/4	1/4	3/4	1	1	1/8		1/8	1		8	56	G#3	3	708
98	98	292	0.5	1/4	1/4	3/4	1	1	1/8		1/8	1		5	59	B3	3	708
98	98	292	0.5	1/4	1/4	3/4	1	1	1/8		1/8	1		7	61	C#4	4	708
98	98	293	0.5	1/2	1/2	3/4	2	1	1/8		1/8	1	-1	5	47	B2	2	711
98	98	293	0.5	1/2	1/2	3/4	1	1	1/8		1/8	1		8	56	G#3	3	709
98	98	293	0.5	1/2	1/2	3/4	1	1	1/8		1/8	1		5	59	B3	3	709
98	98	293	0.5	1/2	1/2	3/4	1	1	1/8		1/8	1		7	61	C#4	4	709
98	98	587/2	0.5	5/8	5/8	3/4	2	1	1/8		1/8	1		7	49	C#3	3	712
99	99	294	3.0	0	0	3/4	2	2	3/4		1/2	3/2	-1	4	40	E2	2	720
99	99	294	2.0	0	0	3/4	2	1	1/2		1/2	1	1	9	51	D#3	3	717
99	99	294	0.5	0	0	3/4	1	1	1/8		1/8	1		8	56	G#3	3	714
99	99	294	0.5	0	0	3/4	1	1	1/8		1/8	1		5	59	B3	3	714
99	99	294	0.5	0	0	3/4	1	1	1/8		1/8	1		7	61	C#4	4	714
99	99	295	0.5	1/4	1/4	3/4	1	1	1/8		1/8	1		8	56	G#3	3	715
99	99	295	0.5	1/4	1/4	3/4	1	1	1/8		1/8	1		5	59	B3	3	715
99	99	295	0.5	1/4	1/4	3/4	1	1	1/8		1/8	1		7	61	C#4	4	715
99	99	296	0.5	1/2	1/2	3/4	2	1	1/8		1/8	1	-1	9	51	D#3	3	718
99	99	296	0.5	1/2	1/2	3/4	1	1	1/8		1/8	1		8	56	G#3	3	716
99	99	296	0.5	1/2	1/2	3/4	1	1	1/8		1/8	1		5	59	B3	3	716
99	99	296	0.5	1/2	1/2	3/4	1	1	1/8		1/8	1		7	61	C#4	4	716
99	99	593/2	0.5	5/8	5/8	3/4	2	1	1/8		1/8	1		7	49	C#3	3	719
100	100	297	3.0	0	0	3/4	2	2	3/4		1/2	3/2		4	40	E2	2	727
100	100	297	1.5	0	0	3/4	2	1	3/8		1/4	3/2		0	48	C3	3	723
100	100	297	0.5	0	0	3/4	1	1	1/8		1/8	1		1	55	G3	3	721
100	100	297	0.5	0	0	3/4	1	1	1/8		1/8	1		-2	58	Bb3	3	721
100	100	297	0.5	0	0	3/4	1	1	1/8		1/8	1		2	62	D4	4	721
100	100	298	0.5	1/4	1/4	3/4	1	1	1/8		1/8	1		1	55	G3	3	722
100	100	298	0.5	1/4	1/4	3/4	1	1	1/8		1/8	1		-2	58	Bb3	3	722
100	100	298	0.5	1/4	1/4	3/4	1	1	1/8		1/8	1		2	62	D4	4	722
100	100	597/2	0.5	3/8	3/8	3/4	2	1	1/8		1/8	1		2	50	D3	3	724
100	100	299	0.5	1/2	1/2	3/4	2	1	1/8		1/8	1		4	52	E3	3	725
100	100	599/2	0.5	5/8	5/8	3/4	2	1	1/8		1/8	1		6	54	F#3	3	726
101	101	300	0.5	0	0	3/4	2	1	1/8		1/8	1		1	55	G3	3	730
101	101	601/2	0.5	1/8	1/8	3/4	2	1	1/8		1/8	1		3	57	A3	3	731
101	101	301	1.0	1/4	1/4	3/4	1	1	1/4		1/4	1		-2	58	Bb3	3	728
101	101	302	1.0	1/2	1/2	3/4	1	1	1/4		1/4	1		0	60	C4	4	729
102	102	304	0.5	1/4	1/4	3/4	2	1	1/8		1/8	1		0	60	C4	4	732
102	102	609/2	0.5	3/8	3/8	3/4	2	1	1/8		1/8	1		2	62	D4	4	733
102	102	305	0.5	1/2	1/2	3/4	2	1	1/8		1/8	1		4	64	E4	4	734
102	102	611/2	0.5	5/8	5/8	3/4	2	1	1/8		1/8	1		6	66	F#4	4	735
103	103	306	0.5	0	0	3/4	1	1	1/8		1/8	1		1	67	G4	4	736
103	103	613/2	0.5	1/8	1/8	3/4	1	1	1/8		1/8	1		3	69	A4	4	737
103	103	307	1.0	1/4	1/4	3/4	1	1	1/4		1/4	1		-2	70	Bb4	4	738
103	103	308	1.0	1/2	1/2	3/4	1	1	1/4		1/4	1		0	72	C5	5	739
104	104	310	0.5	1/4	1/4	3/4	2	1	1/8		1/8	1		0	72	C5	5	740
104	104	621/2	0.5	3/8	3/8	3/4	2	1	1/8		1/8	1		2	74	D5	5	741
104	104	311	0.5	1/2	1/2	3/4	2	1	1/8		1/8	1		4	76	E5	5	742
104	104	623/2	0.5	5/8	5/8	3/4	2	1	1/8		1/8	1		6	78	F#5	5	743
105	105	312	0.5	0	0	3/4	1	1	1/8		1/8	1		1	79	G5	5	744
105	105	625/2	0.5	1/8	1/8	3/4	1	1	1/8		1/8	1		3	81	A5	5	745
105	105	313	0.5	1/4	1/4	3/4	1	1	1/8		1/8	1		-2	82	Bb5	5	746
105	105	314	0.5	1/2	1/2	3/4	2	1	1/8		1/8	1		5	59	B3	3	748
105	105	314	0.5	1/2	1/2	3/4	2	1	1/8		1/8	1		6	66	F#4	4	748
105	105	314	0.5	1/2	1/2	3/4	2	1	1/8		1/8	1		3	69	A4	4	748
105	105	314	0.5	1/2	1/2	3/4	1	1	1/8		1/8	1		5	71	B4	4	747
105	105	314	0.5	1/2	1/2	3/4	1	1	1/8		1/8	1		9	75	D#5	5	747
105	105	314	0.5	1/2	1/2	3/4	1	1	1/8		1/8	1		6	78	F#5	5	747
105	105	314	0.5	1/2	1/2	3/4	1	1	1/8		1/8	1		5	83	B5	5	747
106	106	316	0.5	1/4	1/4	3/4	2	1	1/8		1/8	1		4	64	E4	4	749
106	106	633/2	0.5	3/8	3/8	3/4	2	1	1/8		1/8	1		5	71	B4	4	750
106	106	317	0.5	1/2	1/2	3/4	2	1	1/8		1/8	1		4	64	E4	4	751
106	106	635/2	0.5	5/8	5/8	3/4	2	1	1/8		1/8	1		5	71	B4	4	752
107	107	318	0.5	0	0	3/4	2	1	1/8		1/8	1		4	64	E4	4	757
107	107	637/2	0.5	1/8	1/8	3/4	2	1	1/8		1/8	1		5	71	B4	4	758
107	107	319	0.0	1/4	1/4	3/4	1	1	0	acciaccatura	1/8	1		9	63	D#4	4	753
107	107	319	0.5	1/4	1/4	3/4	2	1	1/8		1/8	1		4	64	E4	4	759
107	107	319	1.0	1/4	1/4	3/4	1	1	1/4		1/4	1		8	68	G#4	4	754
107	107	639/2	0.5	3/8	3/8	3/4	2	1	1/8		1/8	1		5	71	B4	4	760
107	107	320	0.0	1/2	1/2	3/4	1	1	0	acciaccatura	1/8	1		8	68	G#4	4	755
107	107	320	0.5	1/2	1/2	3/4	2	1	1/8		1/8	1		4	64	E4	4	761
107	107	320	1.0	1/2	1/2	3/4	1	1	1/4		1/4	1		7	73	C#5	5	756
107	107	641/2	0.5	5/8	5/8	3/4	2	1	1/8		1/8	1		5	71	B4	4	762
108	108	321	0.0	0	0	3/4	1	1	0	acciaccatura	1/8	1		7	61	C#4	4	763
108	108	321	0.5	0	0	3/4	2	1	1/8		1/8	1		4	64	E4	4	765
108	108	321	3.0	0	0	3/4	1	1	3/4		1/2	3/2		6	66	F#4	4	764
108	108	643/2	0.5	1/8	1/8	3/4	2	1	1/8		1/8	1		5	71	B4	4	766
108	108	322	0.5	1/4	1/4	3/4	2	1	1/8		1/8	1		4	64	E4	4	767
108	108	645/2	0.5	3/8	3/8	3/4	2	1	1/8		1/8	1		5	71	B4	4	768
108	108	323	0.5	1/2	1/2	3/4	2	1	1/8		1/8	1		4	64	E4	4	769
108	108	647/2	0.5	5/8	5/8	3/4	2	1	1/8		1/8	1		5	71	B4	4	770
109	109	324	0.5	0	0	3/4	2	1	1/8		1/8	1		4	64	E4	4	775
109	109	649/2	0.5	1/8	1/8	3/4	2	1	1/8		1/8	1		5	71	B4	4	776
109	109	325	0.0	1/4	1/4	3/4	1	1	0	acciaccatura	1/8	1		10	70	A#4	4	771
109	109	325	0.5	1/4	1/4	3/4	2	1	1/8		1/8	1		4	64	E4	4	777
109	109	325	1.0	1/4	1/4	3/4	1	1	1/4		1/4	1		9	75	D#5	5	772
109	109	651/2	0.5	3/8	3/8	3/4	2	1	1/8		1/8	1		5	71	B4	4	778
109	109	326	0.0	1/2	1/2	3/4	1	1	0	acciaccatura	1/8	1		9	75	D#5	5	773
109	109	326	0.5	1/2	1/2	3/4	2	1	1/8		1/8	1		4	64	E4	4	779
109	109	326	1.0	1/2	1/2	3/4	1	1	1/4		1/4	1		8	80	G#5	5	774
109	109	653/2	0.5	5/8	5/8	3/4	2	1	1/8		1/8	1		5	71	B4	4	780
110	110	327	0.0	0	0	3/4	1	1	0	acciaccatura	1/8	1		8	68	G#4	4	781
110	110	327	0.5	0	0	3/4	2	1	1/8		1/8	1		4	64	E4	4	783
110	110	327	3.0	0	0	3/4	1	1	3/4		1/2	3/2		7	73	C#5	5	782
110	110	655/2	0.5	1/8	1/8	3/4	2	1	1/8		1/8	1		5	71	B4	4	784
110	110	328	0.5	1/4	1/4	3/4	2	1	1/8		1/8	1		4	64	E4	4	785
110	110	657/2	0.5	3/8	3/8	3/4	2	1	1/8		1/8	1		5	71	B4	4	786
110	110	329	0.5	1/2	1/2	3/4	2	1	1/8		1/8	1		4	64	E4	4	787
110	110	659/2	0.5	5/8	5/8	3/4	2	1	1/8		1/8	1		5	71	B4	4	788
111	111	330	0.5	0	0	3/4	2	1	1/8		1/8	1		4	64	E4	4	793
111	111	661/2	0.5	1/8	1/8	3/4	2	1	1/8		1/8	1		5	71	B4	4	794
111	111	331	0.0	1/4	1/4	3/4	1	1	0	acciaccatura	1/8	1		9	63	D#4	4	789
111	111	331	0.5	1/4	1/4	3/4	2	1	1/8		1/8	1		4	64	E4	4	795
111	111	331	0.5	1/4	1/4	3/4	1	1	1/8		1/8	1		8	68	G#4	4	790
111	111	663/2	0.5	3/8	3/8	3/4	2	1	1/8		1/8	1		5	71	B4	4	796
111	111	332	0.0	1/2	1/2	3/4	1	1	0	acciaccatura	1/8	1		8	68	G#4	4	791
111	111	332	0.5	1/2	1/2	3/4	2	1	1/8		1/8	1		4	64	E4	4	797
111	111	332	0.5	1/2	1/2	3/4	1	1	1/8		1/8	1		7	73	C#5	5	792
111	111	665/2	0.5	5/8	5/8	3/4	2	1	1/8		1/8	1		5	71	B4	4	798
112	112	333	0.0	0	0	3/4	1	1	0	acciaccatura	1/8	1		7	61	C#4	4	799
112	112	333	0.5	0	0	3/4	2	1	1/8		1/8	1		4	64	E4	4	805
112	112	333	0.5	0	0	3/4	1	1	1/8		1/8	1		6	66	F#4	4	800
112	112	667/2	0.5	1/8	1/8	3/4	2	1	1/8		1/8	1		5	71	B4	4	806
112	112	334	0.0	1/4	1/4	3/4	1	1	0	acciaccatura	1/8	1		10	70	A#4	4	801
112	112	334	0.5	1/4	1/4	3/4	2	1	1/8		1/8	1		4	64	E4	4	807
112	112	334	0.5	1/4	1/4	3/4	1	1	1/8		1/8	1		9	75	D#5	5	802
112	112	669/2	0.5	3/8	3/8	3/4	2	1	1/8		1/8	1		5	71	B4	4	808
112	112	335	0.0	1/2	1/2	3/4	1	1	0	acciaccatura	1/8	1		9	75	D#5	5	803
112	112	335	0.5	1/2	1/2	3/4	2	1	1/8		1/8	1		4	64	E4	4	809
112	112	335	0.5	1/2	1/2	3/4	1	1	1/8		1/8	1		8	80	G#5	5	804
112	112	671/2	0.5	5/8	5/8	3/4	2	1	1/8		1/8	1		5	71	B4	4	810
113	113	336	0.0	0	0	3/4	1	1	0	acciaccatura	1/8	1		8	68	G#4	4	811
113	113	336	0.5	0	0	3/4	2	1	1/8		1/8	1		4	64	E4	4	817
113	113	336	0.5	0	0	3/4	1	1	1/8		1/8	1		7	73	C#5	5	812
113	113	673/2	0.5	1/8	1/8	3/4	2	1	1/8		1/8	1		5	71	B4	4	818
113	113	337	0.0	1/4	1/4	3/4	1	1	0	acciaccatura	1/8	1		9	63	D#4	4	813
113	113	337	0.5	1/4	1/4	3/4	2	1	1/8		1/8	1		4	64	E4	4	819
113	113	337	0.5	1/4	1/4	3/4	1	1	1/8		1/8	1		8	68	G#4	4	814
113	113	675/2	0.5	3/8	3/8	3/4	2	1	1/8		1/8	1		5	71	B4	4	820
113	113	338	0.0	1/2	1/2	3/4	1	1	0	acciaccatura	1/8	1		8	68	G#4	4	815
113	113	338	0.5	1/2	1/2	3/4	2	1	1/8		1/8	1		4	64	E4	4	821
113	113	338	0.5	1/2	1/2	3/4	1	1	1/8		1/8	1		7	73	C#5	5	816
113	113	677/2	0.5	5/8	5/8	3/4	2	1	1/8		1/8	1		5	71	B4	4	822
114	114	339	0.0	0	0	3/4	1	1	0	acciaccatura	1/8	1		7	61	C#4	4	823
114	114	339	0.5	0	0	3/4	2	1	1/8		1/8	1		4	64	E4	4	829
114	114	339	0.5	0	0	3/4	1	1	1/8		1/8	1		6	66	F#4	4	824
114	114	679/2	0.5	1/8	1/8	3/4	2	1	1/8		1/8	1		5	71	B4	4	830
114	114	340	0.0	1/4	1/4	3/4	1	1	0	acciaccatura	1/8	1		10	70	A#4	4	825
114	114	340	0.5	1/4	1/4	3/4	2	1	1/8		1/8	1		4	64	E4	4	831
114	114	340	0.5	1/4	1/4	3/4	1	1	1/8		1/8	1		9	75	D#5	5	826
114	114	681/2	0.5	3/8	3/8	3/4	2	1	1/8		1/8	1		5	71	B4	4	832
114	114	341	0.0	1/2	1/2	3/4	1	1	0	acciaccatura	1/8	1		9	75	D#5	5	827
114	114	341	0.5	1/2	1/2	3/4	2	1	1/8		1/8	1		4	64	E4	4	833
114	114	341	0.5	1/2	1/2	3/4	1	1	1/8		1/8	1		8	80	G#5	5	828
114	114	683/2	0.5	5/8	5/8	3/4	2	1	1/8		1/8	1		5	71	B4	4	834
115	115	342	0.5	0	0	3/4	1	1	1/8		1/8	1		8	68	G#4	4	835
115	115	342	0.5	0	0	3/4	1	1	1/8		1/8	1		7	73	C#5	5	835
115	115	685/2	0.5	1/8	1/8	3/4	1	1	1/8		1/8	1		4	64	E4	4	836
115	115	685/2	0.5	1/8	1/8	3/4	1	1	1/8		1/8	1		5	71	B4	4	836
115	115	343	0.5	1/4	1/4	3/4	1	1	1/8		1/8	1		9	63	D#4	4	837
115	115	343	0.5	1/4	1/4	3/4	1	1	1/8		1/8	1		8	68	G#4	4	837
115	115	687/2	0.5	3/8	3/8	3/4	1	1	1/8		1/8	1		4	64	E4	4	838
115	115	687/2	0.5	3/8	3/8	3/4	1	1	1/8		1/8	1		5	71	B4	4	838
115	115	344	0.5	1/2	1/2	3/4	1	1	1/8		1/8	1		8	68	G#4	4	839
115	115	344	0.5	1/2	1/2	3/4	1	1	1/8		1/8	1		7	73	C#5	5	839
115	115	689/2	0.5	5/8	5/8	3/4	1	1	1/8		1/8	1		4	64	E4	4	840
115	115	689/2	0.5	5/8	5/8	3/4	1	1	1/8		1/8	1		5	71	B4	4	840
116	116	345	0.5	0	0	3/4	1	1	1/8		1/8	1		9	63	D#4	4	841
116	116	345	0.5	0	0	3/4	1	1	1/8		1/8	1		8	68	G#4	4	841
116	116	691/2	0.5	1/8	1/8	3/4	1	1	1/8		1/8	1		4	64	E4	4	842
116	116	691/2	0.5	1/8	1/8	3/4	1	1	1/8		1/8	1		5	71	B4	4	842
116	116	346	0.5	1/4	1/4	3/4	1	1	1/8		1/8	1		8	68	G#4	4	843
116	116	346	0.5	1/4	1/4	3/4	1	1	1/8		1/8	1		7	73	C#5	5	843
116	116	693/2	0.5	3/8	3/8	3/4	1	1	1/8		1/8	1		4	64	E4	4	844
116	116	693/2	0.5	3/8	3/8	3/4	1	1	1/8		1/8	1		5	71	B4	4	844
116	116	347	0.5	1/2	1/2	3/4	1	1	1/8		1/8	1		9	63	D#4	4	845
116	116	347	0.5	1/2	1/2	3/4	1	1	1/8		1/8	1		8	68	G#4	4	845
116	116	695/2	0.5	5/8	5/8	3/4	1	1	1/8		1/8	1		4	64	E4	4	846
116	116	695/2	0.5	5/8	5/8	3/4	1	1	1/8		1/8	1		5	71	B4	4	846
117	117	348	0.5	0	0	3/4	1	1	1/8		1/8	1		8	68	G#4	4	847
117	117	348	0.5	0	0	3/4	1	1	1/8		1/8	1		7	73	C#5	5	847
117	117	697/2	0.5	1/8	1/8	3/4	1	1	1/8		1/8	1		4	64	E4	4	848
117	117	697/2	0.5	1/8	1/8	3/4	1	1	1/8		1/8	1		5	71	B4	4	848
117	117	349	0.5	1/4	1/4	3/4	1	1	1/8		1/8	1		9	63	D#4	4	849
117	117	349	0.5	1/4	1/4	3/4	1	1	1/8		1/8	1		8	68	G#4	4	849
117	117	699/2	0.5	3/8	3/8	3/4	1	1	1/8		1/8	1		4	64	E4	4	850
117	117	699/2	0.5	3/8	3/8	3/4	1	1	1/8		1/8	1		5	71	B4	4	850
117	117	350	0.5	1/2	1/2	3/4	1	1	1/8		1/8	1		8	68	G#4	4	851
117	117	350	0.5	1/2	1/2	3/4	1	1	1/8		1/8	1		7	73	C#5	5	851
117	117	701/2	0.5	5/8	5/8	3/4	1	1	1/8		1/8	1		4	64	E4	4	852
117	117	701/2	0.5	5/8	5/8	3/4	1	1	1/8		1/8	1		5	71	B4	4	852
118	118	351	0.5	0	0	3/4	1	1	1/8		1/8	1		9	63	D#4	4	853
118	118	351	0.5	0	0	3/4	1	1	1/8		1/8	1		8	68	G#4	4	853
118	118	703/2	0.5	1/8	1/8	3/4	1	1	1/8		1/8	1		4	64	E4	4	854
118	118	703/2	0.5	1/8	1/8	3/4	1	1	1/8		1/8	1		5	71	B4	4	854
118	118	352	0.5	1/4	1/4	3/4	1	1	1/8		1/8	1		8	68	G#4	4	855
118	118	352	0.5	1/4	1/4	3/4	1	1	1/8		1/8	1		7	73	C#5	5	855
118	118	705/2	0.5	3/8	3/8	3/4	1	1	1/8		1/8	1		4	64	E4	4	856
118	118	705/2	0.5	3/8	3/8	3/4	1	1	1/8		1/8	1		5	71	B4	4	856
118	118	353	0.5	1/2	1/2	3/4	1	1	1/8		1/8	1		9	63	D#4	4	857
118	118	353	0.5	1/2	1/2	3/4	1	1	1/8		1/8	1		8	68	G#4	4	857
118	118	707/2	0.5	5/8	5/8	3/4	1	1	1/8		1/8	1		4	64	E4	4	858
118	118	707/2	0.5	5/8	5/8	3/4	1	1	1/8		1/8	1		5	71	B4	4	858
119	119	354	0.5	0	0	3/4	1	1	1/8		1/8	1		9	63	D#4	4	859
119	119	354	0.5	0	0	3/4	1	1	1/8		1/8	1		8	68	G#4	4	859
120	120	357	0.5	0	0	3/4	2	1	1/8		1/8	1		8	56	G#3	3	861
120	120	357	0.5	0	0	3/4	2	1	1/8		1/8	1		5	59	B3	3	861
120	120	357	0.5	0	0	3/4	1	1	1/8		1/8	1		9	63	D#4	4	860
120	120	357	0.5	0	0	3/4	1	1	1/8		1/8	1		8	68	G#4	4	860
120	120	357	0.5	0	0	3/4	1	1	1/8		1/8	1		5	71	B4	4	860
121	121	360	0.5	0	0	3/4	2	1	1/8		1/8	1		4	52	E3	3	862
121	121	721/2	0.5	1/8	1/8	3/4	2	1	1/8		1/8	1		5	59	B3	3	863
121	121	361	0.5	1/4	1/4	3/4	2	1	1/8		1/8	1		4	64	E4	4	864
121	121	723/2	0.5	3/8	3/8	3/4	2	1	1/8		1/8	1		8	68	G#4	4	865
121	121	362	0.5	1/2	1/2	3/4	2	1	1/8		1/8	1		4	76	E5	5	866
121	121	725/2	0.5	5/8	5/8	3/4	2	1	1/8		1/8	1		8	80	G#5	5	867
122	122	363	0.5	0	0	3/4	1	1	1/8		1/8	1		4	88	E6	6	868
123	123	366	0.5	0	0	3/4	1	1	1/8		1/8	1		4	88	E6	6	869
