quarterbeats	duration_qb	mc	mn	mc_onset	mn_onset	timesig	staff	voice	duration	nominal_duration	scalar	tied	tpc	midi	chord_id
0	0.5	1	1	0	0	4/4	1	1	1/8	1/8	1		4	76	0
1/2	0.5	1	1	1/8	1/8	4/4	1	1	1/8	1/8	1		-1	77	1
1	0.5	1	1	1/4	1/4	4/4	1	1	1/8	1/8	1		1	79	2
3/2	0.5	1	1	3/8	3/8	4/4	1	1	1/8	1/8	1		3	81	3
2	0.5	1	1	1/2	1/2	4/4	1	1	1/8	1/8	1		4	76	4
5/2	0.5	1	1	5/8	5/8	4/4	1	1	1/8	1/8	1		-1	77	5
3	0.5	1	1	3/4	3/4	4/4	1	1	1/8	1/8	1		1	79	6
7/2	0.5	1	1	7/8	7/8	4/4	1	1	1/8	1/8	1		3	81	7
4	0.25	2	2	0	0	4/4	2	1	1/16	1/16	1		4	64	8
17/4	0.25	2	2	1/16	1/16	4/4	2	1	1/16	1/16	1		4	76	9
9/2	0.25	2	2	1/8	1/8	4/4	2	1	1/16	1/16	1		-1	65	10
19/4	0.25	2	2	3/16	3/16	4/4	2	1	1/16	1/16	1		-1	77	11
5	0.25	2	2	1/4	1/4	4/4	2	1	1/16	1/16	1		1	67	12
21/4	0.25	2	2	5/16	5/16	4/4	2	1	1/16	1/16	1		1	79	13
11/2	0.25	2	2	3/8	3/8	4/4	2	1	1/16	1/16	1		3	69	14
23/4	0.25	2	2	7/16	7/16	4/4	2	1	1/16	1/16	1		3	81	15
6	0.25	2	2	1/2	1/2	4/4	2	1	1/16	1/16	1		4	64	16
25/4	0.25	2	2	9/16	9/16	4/4	2	1	1/16	1/16	1		4	76	17
13/2	0.25	2	2	5/8	5/8	4/4	2	1	1/16	1/16	1		-1	65	18
27/4	0.25	2	2	11/16	11/16	4/4	2	1	1/16	1/16	1		-1	77	19
7	0.25	2	2	3/4	3/4	4/4	2	1	1/16	1/16	1		1	67	20
29/4	0.25	2	2	13/16	13/16	4/4	2	1	1/16	1/16	1		1	79	21
15/2	0.25	2	2	7/8	7/8	4/4	2	1	1/16	1/16	1		3	69	22
31/4	0.25	2	2	15/16	15/16	4/4	2	1	1/16	1/16	1		3	81	23
8	0.25	3	3	0	0	4/4	2	1	1/16	1/16	1		4	64	24
8	4.0	3	3	0	0	4/4	2	2	1	1	1		-2	70	40
33/4	0.25	3	3	1/16	1/16	4/4	2	1	1/16	1/16	1		4	76	25
17/2	0.25	3	3	1/8	1/8	4/4	2	1	1/16	1/16	1		-1	65	26
35/4	0.25	3	3	3/16	3/16	4/4	2	1	1/16	1/16	1		-1	77	27
9	0.25	3	3	1/4	1/4	4/4	2	1	1/16	1/16	1		1	67	28
37/4	0.25	3	3	5/16	5/16	4/4	2	1	1/16	1/16	1		1	79	29
19/2	0.25	3	3	3/8	3/8	4/4	2	1	1/16	1/16	1		3	69	30
39/4	0.25	3	3	7/16	7/16	4/4	2	1	1/16	1/16	1		3	81	31
10	0.25	3	3	1/2	1/2	4/4	2	1	1/16	1/16	1		4	64	32
41/4	0.25	3	3	9/16	9/16	4/4	2	1	1/16	1/16	1		4	76	33
21/2	0.25	3	3	5/8	5/8	4/4	2	1	1/16	1/16	1		-1	65	34
43/4	0.25	3	3	11/16	11/16	4/4	2	1	1/16	1/16	1		-1	77	35
11	0.25	3	3	3/4	3/4	4/4	2	1	1/16	1/16	1		1	67	36
45/4	0.25	3	3	13/16	13/16	4/4	2	1	1/16	1/16	1		1	79	37
23/2	0.25	3	3	7/8	7/8	4/4	2	1	1/16	1/16	1		3	69	38
47/4	0.25	3	3	15/16	15/16	4/4	2	1	1/16	1/16	1		3	81	39
12	0.25	4	4	0	0	4/4	2	1	1/16	1/16	1		4	64	41
12	4.0	4	4	0	0	4/4	2	2	1	1	1		0	72	57
49/4	0.25	4	4	1/16	1/16	4/4	2	1	1/16	1/16	1		4	76	42
25/2	0.25	4	4	1/8	1/8	4/4	2	1	1/16	1/16	1		-1	65	43
51/4	0.25	4	4	3/16	3/16	4/4	2	1	1/16	1/16	1		-1	77	44
13	0.25	4	4	1/4	1/4	4/4	2	1	1/16	1/16	1		1	67	45
53/4	0.25	4	4	5/16	5/16	4/4	2	1	1/16	1/16	1		1	79	46
27/2	0.25	4	4	3/8	3/8	4/4	2	1	1/16	1/16	1		3	69	47
55/4	0.25	4	4	7/16	7/16	4/4	2	1	1/16	1/16	1		3	81	48
14	0.25	4	4	1/2	1/2	4/4	2	1	1/16	1/16	1		4	64	49
57/4	0.25	4	4	9/16	9/16	4/4	2	1	1/16	1/16	1		4	76	50
29/2	0.25	4	4	5/8	5/8	4/4	2	1	1/16	1/16	1		-1	65	51
59/4	0.25	4	4	11/16	11/16	4/4	2	1	1/16	1/16	1		-1	77	52
15	0.25	4	4	3/4	3/4	4/4	2	1	1/16	1/16	1		1	67	53
61/4	0.25	4	4	13/16	13/16	4/4	2	1	1/16	1/16	1		1	79	54
31/2	0.25	4	4	7/8	7/8	4/4	2	1	1/16	1/16	1		3	69	55
63/4	0.25	4	4	15/16	15/16	4/4	2	1	1/16	1/16	1		3	81	56
16	0.25	5	5	0	0	4/4	2	1	1/16	1/16	1		4	64	58
16	4.0	5	5	0	0	4/4	2	2	1	1	1		-2	70	74
65/4	0.25	5	5	1/16	1/16	4/4	2	1	1/16	1/16	1		4	76	59
33/2	0.25	5	5	1/8	1/8	4/4	2	1	1/16	1/16	1		-1	65	60
67/4	0.25	5	5	3/16	3/16	4/4	2	1	1/16	1/16	1		-1	77	61
17	0.25	5	5	1/4	1/4	4/4	2	1	1/16	1/16	1		1	67	62
69/4	0.25	5	5	5/16	5/16	4/4	2	1	1/16	1/16	1		1	79	63
35/2	0.25	5	5	3/8	3/8	4/4	2	1	1/16	1/16	1		3	69	64
71/4	0.25	5	5	7/16	7/16	4/4	2	1	1/16	1/16	1		3	81	65
18	0.25	5	5	1/2	1/2	4/4	2	1	1/16	1/16	1		4	64	66
73/4	0.25	5	5	9/16	9/16	4/4	2	1	1/16	1/16	1		4	76	67
37/2	0.25	5	5	5/8	5/8	4/4	2	1	1/16	1/16	1		-1	65	68
75/4	0.25	5	5	11/16	11/16	4/4	2	1	1/16	1/16	1		-1	77	69
19	0.25	5	5	3/4	3/4	4/4	2	1	1/16	1/16	1		1	67	70
77/4	0.25	5	5	13/16	13/16	4/4	2	1	1/16	1/16	1		1	79	71
39/2	0.25	5	5	7/8	7/8	4/4	2	1	1/16	1/16	1		3	69	72
79/4	0.25	5	5	15/16	15/16	4/4	2	1	1/16	1/16	1		3	81	73
20	0.25	6	6	0	0	4/4	2	1	1/16	1/16	1		4	64	75
20	4.0	6	6	0	0	4/4	2	2	1	1	1		7	73	91
81/4	0.25	6	6	1/16	1/16	4/4	2	1	1/16	1/16	1		4	76	76
41/2	0.25	6	6	1/8	1/8	4/4	2	1	1/16	1/16	1		-1	65	77
83/4	0.25	6	6	3/16	3/16	4/4	2	1	1/16	1/16	1		-1	77	78
21	0.25	6	6	1/4	1/4	4/4	2	1	1/16	1/16	1		1	67	79
85/4	0.25	6	6	5/16	5/16	4/4	2	1	1/16	1/16	1		1	79	80
43/2	0.25	6	6	3/8	3/8	4/4	2	1	1/16	1/16	1		3	69	81
87/4	0.25	6	6	7/16	7/16	4/4	2	1	1/16	1/16	1		3	81	82
22	0.25	6	6	1/2	1/2	4/4	2	1	1/16	1/16	1		4	64	83
89/4	0.25	6	6	9/16	9/16	4/4	2	1	1/16	1/16	1		4	76	84
45/2	0.25	6	6	5/8	5/8	4/4	2	1	1/16	1/16	1		-1	65	85
91/4	0.25	6	6	11/16	11/16	4/4	2	1	1/16	1/16	1		-1	77	86
23	0.25	6	6	3/4	3/4	4/4	2	1	1/16	1/16	1		1	67	87
93/4	0.25	6	6	13/16	13/16	4/4	2	1	1/16	1/16	1		1	79	88
47/2	0.25	6	6	7/8	7/8	4/4	2	1	1/16	1/16	1		3	69	89
95/4	0.25	6	6	15/16	15/16	4/4	2	1	1/16	1/16	1		3	81	90
24	4.0	7	7	0	0	4/4	2	2	1	1	1		2	62	108
24	0.25	7	7	0	0	4/4	2	1	1/16	1/16	1		2	74	92
97/4	0.25	7	7	1/16	1/16	4/4	2	1	1/16	1/16	1		4	76	93
49/2	0.25	7	7	1/8	1/8	4/4	2	1	1/16	1/16	1		0	72	94
99/4	0.25	7	7	3/16	3/16	4/4	2	1	1/16	1/16	1		-1	77	95
25	0.25	7	7	1/4	1/4	4/4	2	1	1/16	1/16	1		-2	70	96
101/4	0.25	7	7	5/16	5/16	4/4	2	1	1/16	1/16	1		1	79	97
51/2	0.25	7	7	3/8	3/8	4/4	2	1	1/16	1/16	1		3	69	98
103/4	0.25	7	7	7/16	7/16	4/4	2	1	1/16	1/16	1		3	81	99
26	0.25	7	7	1/2	1/2	4/4	2	1	1/16	1/16	1		0	72	100
105/4	0.25	7	7	9/16	9/16	4/4	2	1	1/16	1/16	1		2	74	101
53/2	0.25	7	7	5/8	5/8	4/4	2	1	1/16	1/16	1		-2	70	102
107/4	0.25	7	7	11/16	11/16	4/4	2	1	1/16	1/16	1		4	76	103
27	0.25	7	7	3/4	3/4	4/4	2	1	1/16	1/16	1		3	69	104
109/4	0.25	7	7	13/16	13/16	4/4	2	1	1/16	1/16	1		-1	77	105
55/2	0.25	7	7	7/8	7/8	4/4	2	1	1/16	1/16	1		1	67	106
111/4	0.25	7	7	15/16	15/16	4/4	2	1	1/16	1/16	1		1	79	107
28	4.0	8	8	0	0	4/4	2	2	1	1	1		2	62	125
28	0.25	8	8	0	0	4/4	2	1	1/16	1/16	1		2	74	109
113/4	0.25	8	8	1/16	1/16	4/4	2	1	1/16	1/16	1		4	76	110
57/2	0.25	8	8	1/8	1/8	4/4	2	1	1/16	1/16	1		0	72	111
115/4	0.25	8	8	3/16	3/16	4/4	2	1	1/16	1/16	1		-1	77	112
29	0.25	8	8	1/4	1/4	4/4	2	1	1/16	1/16	1		-2	70	113
117/4	0.25	8	8	5/16	5/16	4/4	2	1	1/16	1/16	1		1	79	114
59/2	0.25	8	8	3/8	3/8	4/4	2	1	1/16	1/16	1		3	69	115
119/4	0.25	8	8	7/16	7/16	4/4	2	1	1/16	1/16	1		3	81	116
30	0.25	8	8	1/2	1/2	4/4	2	1	1/16	1/16	1		0	72	117
121/4	0.25	8	8	9/16	9/16	4/4	2	1	1/16	1/16	1		2	74	118
61/2	0.25	8	8	5/8	5/8	4/4	2	1	1/16	1/16	1		-2	70	119
123/4	0.25	8	8	11/16	11/16	4/4	2	1	1/16	1/16	1		4	76	120
31	0.25	8	8	3/4	3/4	4/4	2	1	1/16	1/16	1		3	69	121
125/4	0.25	8	8	13/16	13/16	4/4	2	1	1/16	1/16	1		-1	77	122
63/2	0.25	8	8	7/8	7/8	4/4	2	1	1/16	1/16	1		1	67	123
127/4	0.25	8	8	15/16	15/16	4/4	2	1	1/16	1/16	1		1	79	124
32	4.0	9	9	0	0	4/4	2	2	1	1	1		2	62	142
32	0.25	9	9	0	0	4/4	2	1	1/16	1/16	1		3	69	126
129/4	0.25	9	9	1/16	1/16	4/4	2	1	1/16	1/16	1		4	76	127
65/2	0.25	9	9	1/8	1/8	4/4	2	1	1/16	1/16	1		0	72	128
131/4	0.25	9	9	3/16	3/16	4/4	2	1	1/16	1/16	1		-1	77	129
33	0.25	9	9	1/4	1/4	4/4	2	1	1/16	1/16	1		-2	70	130
133/4	0.25	9	9	5/16	5/16	4/4	2	1	1/16	1/16	1		2	74	131
67/2	0.25	9	9	3/8	3/8	4/4	2	1	1/16	1/16	1		1	67	132
135/4	0.25	9	9	7/16	7/16	4/4	2	1	1/16	1/16	1		4	76	133
34	0.25	9	9	1/2	1/2	4/4	2	1	1/16	1/16	1		3	69	134
137/4	0.25	9	9	9/16	9/16	4/4	2	1	1/16	1/16	1		0	72	135
69/2	0.25	9	9	5/8	5/8	4/4	2	1	1/16	1/16	1		-1	65	136
139/4	0.25	9	9	11/16	11/16	4/4	2	1	1/16	1/16	1		2	74	137
35	0.25	9	9	3/4	3/4	4/4	2	1	1/16	1/16	1		1	67	138
141/4	0.25	9	9	13/16	13/16	4/4	2	1	1/16	1/16	1		-2	70	139
71/2	0.25	9	9	7/8	7/8	4/4	2	1	1/16	1/16	1		4	64	140
143/4	0.25	9	9	15/16	15/16	4/4	2	1	1/16	1/16	1		0	72	141
36	4.0	10	10	0	0	4/4	2	2	1	1	1		2	62	159
36	0.25	10	10	0	0	4/4	2	1	1/16	1/16	1		3	69	143
145/4	0.25	10	10	1/16	1/16	4/4	2	1	1/16	1/16	1		4	76	144
73/2	0.25	10	10	1/8	1/8	4/4	2	1	1/16	1/16	1		0	72	145
147/4	0.25	10	10	3/16	3/16	4/4	2	1	1/16	1/16	1		-1	77	146
37	0.25	10	10	1/4	1/4	4/4	2	1	1/16	1/16	1		-2	70	147
149/4	0.25	10	10	5/16	5/16	4/4	2	1	1/16	1/16	1		2	74	148
75/2	0.25	10	10	3/8	3/8	4/4	2	1	1/16	1/16	1		1	67	149
151/4	0.25	10	10	7/16	7/16	4/4	2	1	1/16	1/16	1		4	76	150
38	0.25	10	10	1/2	1/2	4/4	2	1	1/16	1/16	1		3	69	151
153/4	0.25	10	10	9/16	9/16	4/4	2	1	1/16	1/16	1		0	72	152
77/2	0.25	10	10	5/8	5/8	4/4	2	1	1/16	1/16	1		-1	65	153
155/4	0.25	10	10	11/16	11/16	4/4	2	1	1/16	1/16	1		2	74	154
39	0.25	10	10	3/4	3/4	4/4	2	1	1/16	1/16	1		3	69	155
157/4	0.25	10	10	13/16	13/16	4/4	2	1	1/16	1/16	1		-2	70	156
79/2	0.25	10	10	7/8	7/8	4/4	2	1	1/16	1/16	1		2	74	157
159/4	0.25	10	10	15/16	15/16	4/4	2	1	1/16	1/16	1		0	72	158
40	0.25	11	11	0	0	4/4	2	1	1/16	1/16	1		7	73	160
161/4	0.25	11	11	1/16	1/16	4/4	2	1	1/16	1/16	1		-1	77	161
81/2	0.25	11	11	1/8	1/8	4/4	2	1	1/16	1/16	1		3	81	162
163/4	0.25	11	11	3/16	3/16	4/4	2	1	1/16	1/16	1		4	76	163
41	0.25	11	11	1/4	1/4	4/4	2	1	1/16	1/16	1		7	73	164
165/4	0.25	11	11	5/16	5/16	4/4	2	1	1/16	1/16	1		-1	77	165
83/2	0.25	11	11	3/8	3/8	4/4	2	1	1/16	1/16	1		3	81	166
167/4	0.25	11	11	7/16	7/16	4/4	2	1	1/16	1/16	1		4	76	167
42	0.25	11	11	1/2	1/2	4/4	2	1	1/16	1/16	1		7	73	168
169/4	0.25	11	11	9/16	9/16	4/4	2	1	1/16	1/16	1		-1	77	169
85/2	0.25	11	11	5/8	5/8	4/4	2	1	1/16	1/16	1		1	79	170
171/4	0.25	11	11	11/16	11/16	4/4	2	1	1/16	1/16	1		4	76	171
43	0.25	11	11	3/4	3/4	4/4	2	1	1/16	1/16	1		7	73	172
173/4	0.25	11	11	13/16	13/16	4/4	2	1	1/16	1/16	1		-1	77	173
87/2	0.25	11	11	7/8	7/8	4/4	2	1	1/16	1/16	1		1	79	174
175/4	0.25	11	11	15/16	15/16	4/4	2	1	1/16	1/16	1		4	76	175
44	4.0	12	12	0	0	4/4	2	2	1	1	1		-2	70	192
44	0.25	12	12	0	0	4/4	2	1	1/16	1/16	1		-5	73	176
177/4	0.25	12	12	1/16	1/16	4/4	2	1	1/16	1/16	1		-1	77	177
89/2	0.25	12	12	1/8	1/8	4/4	2	1	1/16	1/16	1		-2	82	178
179/4	0.25	12	12	3/16	3/16	4/4	2	1	1/16	1/16	1		4	76	179
45	0.25	12	12	1/4	1/4	4/4	2	1	1/16	1/16	1		-5	73	180
181/4	0.25	12	12	5/16	5/16	4/4	2	1	1/16	1/16	1		-1	77	181
91/2	0.25	12	12	3/8	3/8	4/4	2	1	1/16	1/16	1		-2	82	182
183/4	0.25	12	12	7/16	7/16	4/4	2	1	1/16	1/16	1		4	76	183
46	0.25	12	12	1/2	1/2	4/4	2	1	1/16	1/16	1		-5	73	184
185/4	0.25	12	12	9/16	9/16	4/4	2	1	1/16	1/16	1		-1	77	185
93/2	0.25	12	12	5/8	5/8	4/4	2	1	1/16	1/16	1		-2	82	186
187/4	0.25	12	12	11/16	11/16	4/4	2	1	1/16	1/16	1		4	76	187
47	0.25	12	12	3/4	3/4	4/4	2	1	1/16	1/16	1		-5	73	188
189/4	0.25	12	12	13/16	13/16	4/4	2	1	1/16	1/16	1		-1	77	189
95/2	0.25	12	12	7/8	7/8	4/4	2	1	1/16	1/16	1		-2	82	190
191/4	0.25	12	12	15/16	15/16	4/4	2	1	1/16	1/16	1		4	76	191
48	0.25	13	13	0	0	4/4	2	1	1/16	1/16	1		7	73	193
193/4	0.25	13	13	1/16	1/16	4/4	2	1	1/16	1/16	1		-1	77	194
97/2	0.25	13	13	1/8	1/8	4/4	2	1	1/16	1/16	1		3	81	195
195/4	0.25	13	13	3/16	3/16	4/4	2	1	1/16	1/16	1		4	76	196
49	0.25	13	13	1/4	1/4	4/4	2	1	1/16	1/16	1		7	73	197
197/4	0.25	13	13	5/16	5/16	4/4	2	1	1/16	1/16	1		-1	77	198
99/2	0.25	13	13	3/8	3/8	4/4	2	1	1/16	1/16	1		3	81	199
199/4	0.25	13	13	7/16	7/16	4/4	2	1	1/16	1/16	1		4	76	200
50	0.25	13	13	1/2	1/2	4/4	2	1	1/16	1/16	1		7	73	201
201/4	0.25	13	13	9/16	9/16	4/4	2	1	1/16	1/16	1		-1	77	202
101/2	0.25	13	13	5/8	5/8	4/4	2	1	1/16	1/16	1		1	79	203
203/4	0.25	13	13	11/16	11/16	4/4	2	1	1/16	1/16	1		4	76	204
51	0.25	13	13	3/4	3/4	4/4	2	1	1/16	1/16	1		7	73	205
205/4	0.25	13	13	13/16	13/16	4/4	2	1	1/16	1/16	1		-1	77	206
103/2	0.25	13	13	7/8	7/8	4/4	2	1	1/16	1/16	1		1	79	207
207/4	0.25	13	13	15/16	15/16	4/4	2	1	1/16	1/16	1		4	76	208
52	2.0	14	14	0	0	4/4	2	2	1/2	1/2	1		-6	66	225
52	2.0	14	14	0	0	4/4	2	2	1/2	1/2	1		-2	70	225
52	0.25	14	14	0	0	4/4	2	1	1/16	1/16	1		-5	73	209
52	2.0	14	14	0	0	4/4	2	2	1/2	1/2	1		-5	73	225
209/4	0.25	14	14	1/16	1/16	4/4	2	1	1/16	1/16	1		-3	75	210
105/2	0.25	14	14	1/8	1/8	4/4	2	1	1/16	1/16	1		-2	82	211
211/4	0.25	14	14	3/16	3/16	4/4	2	1	1/16	1/16	1		-1	77	212
53	0.25	14	14	1/4	1/4	4/4	2	1	1/16	1/16	1		-5	73	213
213/4	0.25	14	14	5/16	5/16	4/4	2	1	1/16	1/16	1		-3	75	214
107/2	0.25	14	14	3/8	3/8	4/4	2	1	1/16	1/16	1		-2	82	215
215/4	0.25	14	14	7/16	7/16	4/4	2	1	1/16	1/16	1		-1	77	216
54	2.0	14	14	1/2	1/2	4/4	2	2	1/2	1/2	1		-3	63	226
54	2.0	14	14	1/2	1/2	4/4	2	2	1/2	1/2	1		-6	66	226
54	0.25	14	14	1/2	1/2	4/4	2	1	1/16	1/16	1		-2	70	217
54	2.0	14	14	1/2	1/2	4/4	2	2	1/2	1/2	1		-2	70	226
217/4	0.25	14	14	9/16	9/16	4/4	2	1	1/16	1/16	1		-7	71	218
109/2	0.25	14	14	5/8	5/8	4/4	2	1	1/16	1/16	1		-6	78	219
219/4	0.25	14	14	11/16	11/16	4/4	2	1	1/16	1/16	1		-5	73	220
55	0.25	14	14	3/4	3/4	4/4	2	1	1/16	1/16	1		-2	70	221
221/4	0.25	14	14	13/16	13/16	4/4	2	1	1/16	1/16	1		-7	71	222
111/2	0.25	14	14	7/8	7/8	4/4	2	1	1/16	1/16	1		-6	78	223
223/4	0.25	14	14	15/16	15/16	4/4	2	1	1/16	1/16	1		-5	73	224
56	2.0	15	15	0	0	4/4	2	2	1/2	1/2	1		-6	66	243
56	2.0	15	15	0	0	4/4	2	2	1/2	1/2	1		-2	70	243
56	0.25	15	15	0	0	4/4	2	1	1/16	1/16	1		-5	73	227
56	2.0	15	15	0	0	4/4	2	2	1/2	1/2	1		-5	73	243
225/4	0.25	15	15	1/16	1/16	4/4	2	1	1/16	1/16	1		-3	75	228
113/2	0.25	15	15	1/8	1/8	4/4	2	1	1/16	1/16	1		-2	82	229
227/4	0.25	15	15	3/16	3/16	4/4	2	1	1/16	1/16	1		-1	77	230
57	0.25	15	15	1/4	1/4	4/4	2	1	1/16	1/16	1		-5	73	231
229/4	0.25	15	15	5/16	5/16	4/4	2	1	1/16	1/16	1		-3	75	232
115/2	0.25	15	15	3/8	3/8	4/4	2	1	1/16	1/16	1		-2	82	233
231/4	0.25	15	15	7/16	7/16	4/4	2	1	1/16	1/16	1		-1	77	234
58	2.0	15	15	1/2	1/2	4/4	2	2	1/2	1/2	1		-3	63	244
58	2.0	15	15	1/2	1/2	4/4	2	2	1/2	1/2	1		-6	66	244
58	0.25	15	15	1/2	1/2	4/4	2	1	1/16	1/16	1		-2	70	235
58	2.0	15	15	1/2	1/2	4/4	2	2	1/2	1/2	1		-2	70	244
233/4	0.25	15	15	9/16	9/16	4/4	2	1	1/16	1/16	1		-7	71	236
117/2	0.25	15	15	5/8	5/8	4/4	2	1	1/16	1/16	1		-6	78	237
235/4	0.25	15	15	11/16	11/16	4/4	2	1	1/16	1/16	1		-5	73	238
59	0.25	15	15	3/4	3/4	4/4	2	1	1/16	1/16	1		-2	70	239
237/4	0.25	15	15	13/16	13/16	4/4	2	1	1/16	1/16	1		-7	71	240
119/2	0.25	15	15	7/8	7/8	4/4	2	1	1/16	1/16	1		-6	78	241
239/4	0.25	15	15	15/16	15/16	4/4	2	1	1/16	1/16	1		-5	73	242
60	4.0	16	16	0	0	4/4	2	2	1	1	1		-7	59	261
60	4.0	16	16	0	0	4/4	2	2	1	1	1		-3	63	261
60	4.0	16	16	0	0	4/4	2	2	1	1	1		-6	66	261
60	0.25	16	16	0	0	4/4	2	1	1/16	1/16	1		1	67	245
241/4	0.25	16	16	1/16	1/16	4/4	2	1	1/16	1/16	1		-4	68	246
121/2	0.25	16	16	1/8	1/8	4/4	2	1	1/16	1/16	1		-3	75	247
243/4	0.25	16	16	3/16	3/16	4/4	2	1	1/16	1/16	1		-2	70	248
61	0.25	16	16	1/4	1/4	4/4	2	1	1/16	1/16	1		-6	66	249
245/4	0.25	16	16	5/16	5/16	4/4	2	1	1/16	1/16	1		-4	68	250
123/2	0.25	16	16	3/8	3/8	4/4	2	1	1/16	1/16	1		-3	75	251
247/4	0.25	16	16	7/16	7/16	4/4	2	1	1/16	1/16	1		-2	70	252
62	0.25	16	16	1/2	1/2	4/4	2	1	1/16	1/16	1		-2	70	253
249/4	0.25	16	16	9/16	9/16	4/4	2	1	1/16	1/16	1		-4	68	254
125/2	0.25	16	16	5/8	5/8	4/4	2	1	1/16	1/16	1		-3	75	255
251/4	0.25	16	16	11/16	11/16	4/4	2	1	1/16	1/16	1		-2	70	256
63	0.25	16	16	3/4	3/4	4/4	2	1	1/16	1/16	1		-6	66	257
253/4	0.25	16	16	13/16	13/16	4/4	2	1	1/16	1/16	1		-4	68	258
127/2	0.25	16	16	7/8	7/8	4/4	2	1	1/16	1/16	1		-3	75	259
255/4	0.25	16	16	15/16	15/16	4/4	2	1	1/16	1/16	1		-2	70	260
64	2.0	17	17	0	0	4/4	2	2	1/2	1/2	1		-3	63	278
64	2.0	17	17	0	0	4/4	2	2	1/2	1/2	1		-6	66	278
64	0.25	17	17	0	0	4/4	2	1	1/16	1/16	1		1	67	262
257/4	0.25	17	17	1/16	1/16	4/4	2	1	1/16	1/16	1		-4	68	263
129/2	0.25	17	17	1/8	1/8	4/4	2	1	1/16	1/16	1		-3	75	264
259/4	0.25	17	17	3/16	3/16	4/4	2	1	1/16	1/16	1		-2	70	265
65	0.25	17	17	1/4	1/4	4/4	2	1	1/16	1/16	1		-6	66	266
261/4	0.25	17	17	5/16	5/16	4/4	2	1	1/16	1/16	1		-4	68	267
131/2	0.25	17	17	3/8	3/8	4/4	2	1	1/16	1/16	1		-3	75	268
263/4	0.25	17	17	7/16	7/16	4/4	2	1	1/16	1/16	1		-2	70	269
66	2.0	17	17	1/2	1/2	4/4	2	2	1/2	1/2	1		-5	61	279
66	2.0	17	17	1/2	1/2	4/4	2	2	1/2	1/2	1		-3	63	279
66	0.25	17	17	1/2	1/2	4/4	2	1	1/16	1/16	1		-6	66	270
66	2.0	17	17	1/2	1/2	4/4	2	2	1/2	1/2	1		-6	66	279
265/4	0.25	17	17	9/16	9/16	4/4	2	1	1/16	1/16	1		-4	68	271
133/2	0.25	17	17	5/8	5/8	4/4	2	1	1/16	1/16	1		-3	75	272
267/4	0.25	17	17	11/16	11/16	4/4	2	1	1/16	1/16	1		-2	70	273
67	0.25	17	17	3/4	3/4	4/4	2	1	1/16	1/16	1		-6	66	274
269/4	0.25	17	17	13/16	13/16	4/4	2	1	1/16	1/16	1		-4	68	275
135/2	0.25	17	17	7/8	7/8	4/4	2	1	1/16	1/16	1		-3	75	276
271/4	0.25	17	17	15/16	15/16	4/4	2	1	1/16	1/16	1		-2	70	277
68	4.0	18	18	0	0	4/4	2	2	1	1	1		-7	59	296
68	4.0	18	18	0	0	4/4	2	2	1	1	1		-3	63	296
68	4.0	18	18	0	0	4/4	2	2	1	1	1		-6	66	296
68	0.25	18	18	0	0	4/4	2	1	1/16	1/16	1		1	67	280
273/4	0.25	18	18	1/16	1/16	4/4	2	1	1/16	1/16	1		-4	68	281
137/2	0.25	18	18	1/8	1/8	4/4	2	1	1/16	1/16	1		-3	75	282
275/4	0.25	18	18	3/16	3/16	4/4	2	1	1/16	1/16	1		-2	70	283
69	0.25	18	18	1/4	1/4	4/4	2	1	1/16	1/16	1		-6	66	284
277/4	0.25	18	18	5/16	5/16	4/4	2	1	1/16	1/16	1		-4	68	285
139/2	0.25	18	18	3/8	3/8	4/4	2	1	1/16	1/16	1		-3	75	286
279/4	0.25	18	18	7/16	7/16	4/4	2	1	1/16	1/16	1		-2	70	287
70	0.25	18	18	1/2	1/2	4/4	2	1	1/16	1/16	1		-2	70	288
281/4	0.25	18	18	9/16	9/16	4/4	2	1	1/16	1/16	1		-4	68	289
141/2	0.25	18	18	5/8	5/8	4/4	2	1	1/16	1/16	1		-3	75	290
283/4	0.25	18	18	11/16	11/16	4/4	2	1	1/16	1/16	1		-2	70	291
71	0.25	18	18	3/4	3/4	4/4	2	1	1/16	1/16	1		-6	66	292
285/4	0.25	18	18	13/16	13/16	4/4	2	1	1/16	1/16	1		-4	68	293
143/2	0.25	18	18	7/8	7/8	4/4	2	1	1/16	1/16	1		-3	75	294
287/4	0.25	18	18	15/16	15/16	4/4	2	1	1/16	1/16	1		-2	70	295
72	2.0	19	19	0	0	4/4	2	2	1/2	1/2	1		-3	63	313
72	2.0	19	19	0	0	4/4	2	2	1/2	1/2	1		-6	66	313
72	0.25	19	19	0	0	4/4	2	1	1/16	1/16	1		1	67	297
289/4	0.25	19	19	1/16	1/16	4/4	2	1	1/16	1/16	1		-4	68	298
145/2	0.25	19	19	1/8	1/8	4/4	2	1	1/16	1/16	1		-3	75	299
291/4	0.25	19	19	3/16	3/16	4/4	2	1	1/16	1/16	1		-2	70	300
73	0.25	19	19	1/4	1/4	4/4	2	1	1/16	1/16	1		-6	66	301
293/4	0.25	19	19	5/16	5/16	4/4	2	1	1/16	1/16	1		-4	68	302
147/2	0.25	19	19	3/8	3/8	4/4	2	1	1/16	1/16	1		-3	75	303
295/4	0.25	19	19	7/16	7/16	4/4	2	1	1/16	1/16	1		-2	70	304
74	2.0	19	19	1/2	1/2	4/4	2	2	1/2	1/2	1		-5	61	314
74	2.0	19	19	1/2	1/2	4/4	2	2	1/2	1/2	1		-3	63	314
74	0.25	19	19	1/2	1/2	4/4	2	1	1/16	1/16	1		-6	66	305
74	2.0	19	19	1/2	1/2	4/4	2	2	1/2	1/2	1		-6	66	314
297/4	0.25	19	19	9/16	9/16	4/4	2	1	1/16	1/16	1		-4	68	306
149/2	0.25	19	19	5/8	5/8	4/4	2	1	1/16	1/16	1		-3	75	307
299/4	0.25	19	19	11/16	11/16	4/4	2	1	1/16	1/16	1		-2	70	308
75	0.25	19	19	3/4	3/4	4/4	2	1	1/16	1/16	1		-6	66	309
301/4	0.25	19	19	13/16	13/16	4/4	2	1	1/16	1/16	1		-4	68	310
151/2	0.25	19	19	7/8	7/8	4/4	2	1	1/16	1/16	1		-3	75	311
303/4	0.25	19	19	15/16	15/16	4/4	2	1	1/16	1/16	1		-2	70	312
76	2.0	20	20	0	0	4/4	2	2	1/2	1/2	1		0	60	331
76	2.0	20	20	0	0	4/4	2	2	1/2	1/2	1		-3	63	331
76	2.0	20	20	0	0	4/4	2	2	1/2	1/2	1		-6	66	331
76	0.25	20	20	0	0	4/4	2	1	1/16	1/16	1		1	67	315
305/4	0.25	20	20	1/16	1/16	4/4	2	1	1/16	1/16	1		-4	68	316
153/2	0.25	20	20	1/8	1/8	4/4	2	1	1/16	1/16	1		-3	75	317
307/4	0.25	20	20	3/16	3/16	4/4	2	1	1/16	1/16	1		-2	70	318
77	0.25	20	20	1/4	1/4	4/4	2	1	1/16	1/16	1		-6	66	319
309/4	0.25	20	20	5/16	5/16	4/4	2	1	1/16	1/16	1		-4	68	320
155/2	0.25	20	20	3/8	3/8	4/4	2	1	1/16	1/16	1		-3	75	321
311/4	0.25	20	20	7/16	7/16	4/4	2	1	1/16	1/16	1		-2	70	322
78	1.0	20	20	1/2	1/2	4/4	2	2	1/4	1/4	1		-5	61	332
78	1.0	20	20	1/2	1/2	4/4	2	2	1/4	1/4	1		-3	63	332
78	0.25	20	20	1/2	1/2	4/4	2	1	1/16	1/16	1		-6	66	323
78	1.0	20	20	1/2	1/2	4/4	2	2	1/4	1/4	1		-6	66	332
313/4	0.25	20	20	9/16	9/16	4/4	2	1	1/16	1/16	1		-4	68	324
157/2	0.25	20	20	5/8	5/8	4/4	2	1	1/16	1/16	1		-1	77	325
315/4	0.25	20	20	11/16	11/16	4/4	2	1	1/16	1/16	1		-2	70	326
79	1.0	20	20	3/4	3/4	4/4	2	2	1/4	1/4	1		-2	58	333
79	0.25	20	20	3/4	3/4	4/4	2	1	1/16	1/16	1		-6	66	327
317/4	0.25	20	20	13/16	13/16	4/4	2	1	1/16	1/16	1		-4	68	328
159/2	0.25	20	20	7/8	7/8	4/4	2	1	1/16	1/16	1		-1	77	329
319/4	0.25	20	20	15/16	15/16	4/4	2	1	1/16	1/16	1		-2	70	330
80	2.0	21	21	0	0	4/4	2	2	1/2	1/2	1		0	60	350
80	2.0	21	21	0	0	4/4	2	2	1/2	1/2	1		-3	63	350
80	2.0	21	21	0	0	4/4	2	2	1/2	1/2	1		-6	66	350
80	0.25	21	21	0	0	4/4	2	1	1/16	1/16	1		1	67	334
321/4	0.25	21	21	1/16	1/16	4/4	2	1	1/16	1/16	1		-4	68	335
161/2	0.25	21	21	1/8	1/8	4/4	2	1	1/16	1/16	1		-3	75	336
323/4	0.25	21	21	3/16	3/16	4/4	2	1	1/16	1/16	1		-2	70	337
81	0.25	21	21	1/4	1/4	4/4	2	1	1/16	1/16	1		-6	66	338
325/4	0.25	21	21	5/16	5/16	4/4	2	1	1/16	1/16	1		-4	68	339
163/2	0.25	21	21	3/8	3/8	4/4	2	1	1/16	1/16	1		-3	75	340
327/4	0.25	21	21	7/16	7/16	4/4	2	1	1/16	1/16	1		-2	70	341
82	1.0	21	21	1/2	1/2	4/4	2	2	1/4	1/4	1		-5	61	351
82	1.0	21	21	1/2	1/2	4/4	2	2	1/4	1/4	1		-3	63	351
82	0.25	21	21	1/2	1/2	4/4	2	1	1/16	1/16	1		-6	66	342
82	1.0	21	21	1/2	1/2	4/4	2	2	1/4	1/4	1		-6	66	351
329/4	0.25	21	21	9/16	9/16	4/4	2	1	1/16	1/16	1		-4	68	343
165/2	0.25	21	21	5/8	5/8	4/4	2	1	1/16	1/16	1		-1	77	344
331/4	0.25	21	21	11/16	11/16	4/4	2	1	1/16	1/16	1		-2	70	345
83	1.0	21	21	3/4	3/4	4/4	2	2	1/4	1/4	1		-2	58	352
83	0.25	21	21	3/4	3/4	4/4	2	1	1/16	1/16	1		-6	66	346
333/4	0.25	21	21	13/16	13/16	4/4	2	1	1/16	1/16	1		-4	68	347
167/2	0.25	21	21	7/8	7/8	4/4	2	1	1/16	1/16	1		-1	77	348
335/4	0.25	21	21	15/16	15/16	4/4	2	1	1/16	1/16	1		-2	70	349
84	1.0	22	22	0	0	4/4	2	1	1/4	1/4	1		-6	54	355
84	0.25	22	22	0	0	4/4	2	2	1/16	1/16	1		0	60	357
84	2.0	22	22	0	0	4/4	1	1	1/2	1/2	1		-6	78	353
337/4	0.25	22	22	1/16	1/16	4/4	2	2	1/16	1/16	1		-6	66	358
169/2	0.25	22	22	1/8	1/8	4/4	2	2	1/16	1/16	1		2	62	359
339/4	0.25	22	22	3/16	3/16	4/4	2	2	1/16	1/16	1		-4	68	360
85	0.25	22	22	1/4	1/4	4/4	2	2	1/16	1/16	1		0	60	361
341/4	0.25	22	22	5/16	5/16	4/4	2	2	1/16	1/16	1		-6	66	362
171/2	0.25	22	22	3/8	3/8	4/4	2	2	1/16	1/16	1		2	62	363
343/4	0.25	22	22	7/16	7/16	4/4	2	2	1/16	1/16	1		-4	68	364
86	1.0	22	22	1/2	1/2	4/4	2	1	1/4	1/4	1		2	50	356
86	0.25	22	22	1/2	1/2	4/4	2	2	1/16	1/16	1		0	60	365
86	2.0	22	22	1/2	1/2	4/4	1	1	1/2	1/2	1		2	74	354
345/4	0.25	22	22	9/16	9/16	4/4	2	2	1/16	1/16	1		-6	66	366
173/2	0.25	22	22	5/8	5/8	4/4	2	2	1/16	1/16	1		2	62	367
347/4	0.25	22	22	11/16	11/16	4/4	2	2	1/16	1/16	1		-4	68	368
87	0.25	22	22	3/4	3/4	4/4	2	2	1/16	1/16	1		0	60	369
349/4	0.25	22	22	13/16	13/16	4/4	2	2	1/16	1/16	1		-6	66	370
175/2	0.25	22	22	7/8	7/8	4/4	2	2	1/16	1/16	1		2	62	371
351/4	0.25	22	22	15/16	15/16	4/4	2	2	1/16	1/16	1		-4	68	372
88	1.0	23	23	0	0	4/4	2	1	1/4	1/4	1		4	52	375
88	0.25	23	23	0	0	4/4	2	2	1/16	1/16	1		0	60	377
88	3.0	23	23	0	0	4/4	1	1	3/4	1/2	3/2		4	76	373
353/4	0.25	23	23	1/16	1/16	4/4	2	2	1/16	1/16	1		-6	66	378
177/2	0.25	23	23	1/8	1/8	4/4	2	2	1/16	1/16	1		2	62	379
355/4	0.25	23	23	3/16	3/16	4/4	2	2	1/16	1/16	1		-4	68	380
89	0.25	23	23	1/4	1/4	4/4	2	2	1/16	1/16	1		0	60	381
357/4	0.25	23	23	5/16	5/16	4/4	2	2	1/16	1/16	1		-6	66	382
179/2	0.25	23	23	3/8	3/8	4/4	2	2	1/16	1/16	1		2	62	383
359/4	0.25	23	23	7/16	7/16	4/4	2	2	1/16	1/16	1		-4	68	384
90	0.25	23	23	1/2	1/2	4/4	2	2	1/16	1/16	1		0	60	385
361/4	0.25	23	23	9/16	9/16	4/4	2	2	1/16	1/16	1		-6	66	386
181/2	0.25	23	23	5/8	5/8	4/4	2	2	1/16	1/16	1		2	62	387
363/4	0.25	23	23	11/16	11/16	4/4	2	2	1/16	1/16	1		-4	68	388
91	1.0	23	23	3/4	3/4	4/4	2	1	1/4	1/4	1		4	52	376
91	0.25	23	23	3/4	3/4	4/4	2	2	1/16	1/16	1		0	60	389
91	1.0	23	23	3/4	3/4	4/4	1	1	1/4	1/4	1		4	76	374
365/4	0.25	23	23	13/16	13/16	4/4	2	2	1/16	1/16	1		-6	66	390
183/2	0.25	23	23	7/8	7/8	4/4	2	2	1/16	1/16	1		2	62	391
367/4	0.25	23	23	15/16	15/16	4/4	2	2	1/16	1/16	1		-4	68	392
92	1.0	24	24	0	0	4/4	2	1	1/4	1/4	1		-6	54	397
92	0.25	24	24	0	0	4/4	2	2	1/16	1/16	1		0	60	399
92	1.0	24	24	0	0	4/4	1	1	1/4	1/4	1		-6	78	393
369/4	0.25	24	24	1/16	1/16	4/4	2	2	1/16	1/16	1		-6	66	400
185/2	0.25	24	24	1/8	1/8	4/4	2	2	1/16	1/16	1		2	62	401
371/4	0.25	24	24	3/16	3/16	4/4	2	2	1/16	1/16	1		-4	68	402
93	0.25	24	24	1/4	1/4	4/4	2	2	1/16	1/16	1		0	60	403
93	1.0	24	24	1/4	1/4	4/4	1	1	1/4	1/4	1		-6	78	394
373/4	0.25	24	24	5/16	5/16	4/4	2	2	1/16	1/16	1		-6	66	404
187/2	0.25	24	24	3/8	3/8	4/4	2	2	1/16	1/16	1		2	62	405
375/4	0.25	24	24	7/16	7/16	4/4	2	2	1/16	1/16	1		-4	68	406
94	1.0	24	24	1/2	1/2	4/4	2	1	1/4	1/4	1		2	50	398
94	0.25	24	24	1/2	1/2	4/4	2	2	1/16	1/16	1		0	60	407
94	1.0	24	24	1/2	1/2	4/4	1	1	1/4	1/4	1		2	74	395
377/4	0.25	24	24	9/16	9/16	4/4	2	2	1/16	1/16	1		-6	66	408
189/2	0.25	24	24	5/8	5/8	4/4	2	2	1/16	1/16	1		2	62	409
379/4	0.25	24	24	11/16	11/16	4/4	2	2	1/16	1/16	1		-4	68	410
95	0.25	24	24	3/4	3/4	4/4	2	2	1/16	1/16	1		0	60	411
95	1.0	24	24	3/4	3/4	4/4	1	1	1/4	1/4	1		2	74	396
381/4	0.25	24	24	13/16	13/16	4/4	2	2	1/16	1/16	1		-6	66	412
191/2	0.25	24	24	7/8	7/8	4/4	2	2	1/16	1/16	1		2	62	413
383/4	0.25	24	24	15/16	15/16	4/4	2	2	1/16	1/16	1		-4	68	414
96	1.0	25	25	0	0	4/4	2	1	1/4	1/4	1		4	52	416
96	0.25	25	25	0	0	4/4	2	2	1/16	1/16	1		0	60	417
96	4.0	25	25	0	0	4/4	1	1	1	1	1		4	76	415
385/4	0.25	25	25	1/16	1/16	4/4	2	2	1/16	1/16	1		-6	66	418
193/2	0.25	25	25	1/8	1/8	4/4	2	2	1/16	1/16	1		2	62	419
387/4	0.25	25	25	3/16	3/16	4/4	2	2	1/16	1/16	1		-4	68	420
97	0.25	25	25	1/4	1/4	4/4	2	2	1/16	1/16	1		0	60	421
389/4	0.25	25	25	5/16	5/16	4/4	2	2	1/16	1/16	1		-6	66	422
195/2	0.25	25	25	3/8	3/8	4/4	2	2	1/16	1/16	1		2	62	423
391/4	0.25	25	25	7/16	7/16	4/4	2	2	1/16	1/16	1		-4	68	424
98	0.25	25	25	1/2	1/2	4/4	2	2	1/16	1/16	1		0	60	425
393/4	0.25	25	25	9/16	9/16	4/4	2	2	1/16	1/16	1		-6	66	426
197/2	0.25	25	25	5/8	5/8	4/4	2	2	1/16	1/16	1		2	62	427
395/4	0.25	25	25	11/16	11/16	4/4	2	2	1/16	1/16	1		-4	68	428
99	0.25	25	25	3/4	3/4	4/4	2	2	1/16	1/16	1		0	60	429
397/4	0.25	25	25	13/16	13/16	4/4	2	2	1/16	1/16	1		-6	66	430
199/2	0.25	25	25	7/8	7/8	4/4	2	2	1/16	1/16	1		2	62	431
399/4	0.25	25	25	15/16	15/16	4/4	2	2	1/16	1/16	1		-4	68	432
100	1.0	26	26	0	0	4/4	2	1	1/4	1/4	1		4	52	435
100	0.25	26	26	0	0	4/4	2	2	1/16	1/16	1		0	60	437
100	2.0	26	26	0	0	4/4	1	1	1/2	1/2	1		4	76	433
401/4	0.25	26	26	1/16	1/16	4/4	2	2	1/16	1/16	1		-6	66	438
201/2	0.25	26	26	1/8	1/8	4/4	2	2	1/16	1/16	1		2	62	439
403/4	0.25	26	26	3/16	3/16	4/4	2	2	1/16	1/16	1		-4	68	440
101	0.25	26	26	1/4	1/4	4/4	2	2	1/16	1/16	1		0	60	441
405/4	0.25	26	26	5/16	5/16	4/4	2	2	1/16	1/16	1		-6	66	442
203/2	0.25	26	26	3/8	3/8	4/4	2	2	1/16	1/16	1		2	62	443
407/4	0.25	26	26	7/16	7/16	4/4	2	2	1/16	1/16	1		-4	68	444
102	1.0	26	26	1/2	1/2	4/4	2	1	1/4	1/4	1		0	48	436
102	0.25	26	26	1/2	1/2	4/4	2	2	1/16	1/16	1		0	60	445
102	2.0	26	26	1/2	1/2	4/4	1	1	1/2	1/2	1		0	72	434
409/4	0.25	26	26	9/16	9/16	4/4	2	2	1/16	1/16	1		-6	66	446
205/2	0.25	26	26	5/8	5/8	4/4	2	2	1/16	1/16	1		2	62	447
411/4	0.25	26	26	11/16	11/16	4/4	2	2	1/16	1/16	1		-4	68	448
103	0.25	26	26	3/4	3/4	4/4	2	2	1/16	1/16	1		0	60	449
413/4	0.25	26	26	13/16	13/16	4/4	2	2	1/16	1/16	1		-6	66	450
207/2	0.25	26	26	7/8	7/8	4/4	2	2	1/16	1/16	1		2	62	451
415/4	0.25	26	26	15/16	15/16	4/4	2	2	1/16	1/16	1		-4	68	452
104	1.0	27	27	0	0	4/4	2	1	1/4	1/4	1		2	50	455
104	0.25	27	27	0	0	4/4	2	2	1/16	1/16	1		-2	58	457
104	3.0	27	27	0	0	4/4	1	1	3/4	1/2	3/2		2	74	453
417/4	0.25	27	27	1/16	1/16	4/4	2	2	1/16	1/16	1		-1	65	458
209/2	0.25	27	27	1/8	1/8	4/4	2	2	1/16	1/16	1		0	60	459
419/4	0.25	27	27	3/16	3/16	4/4	2	2	1/16	1/16	1		1	67	460
105	0.25	27	27	1/4	1/4	4/4	2	2	1/16	1/16	1		-2	58	461
421/4	0.25	27	27	5/16	5/16	4/4	2	2	1/16	1/16	1		-1	65	462
211/2	0.25	27	27	3/8	3/8	4/4	2	2	1/16	1/16	1		0	60	463
423/4	0.25	27	27	7/16	7/16	4/4	2	2	1/16	1/16	1		1	67	464
106	0.25	27	27	1/2	1/2	4/4	2	2	1/16	1/16	1		-2	58	465
425/4	0.25	27	27	9/16	9/16	4/4	2	2	1/16	1/16	1		-1	65	466
213/2	0.25	27	27	5/8	5/8	4/4	2	2	1/16	1/16	1		0	60	467
427/4	0.25	27	27	11/16	11/16	4/4	2	2	1/16	1/16	1		1	67	468
107	1.0	27	27	3/4	3/4	4/4	2	1	1/4	1/4	1		2	50	456
107	0.25	27	27	3/4	3/4	4/4	2	2	1/16	1/16	1		-2	58	469
107	1.0	27	27	3/4	3/4	4/4	1	1	1/4	1/4	1		2	74	454
429/4	0.25	27	27	13/16	13/16	4/4	2	2	1/16	1/16	1		-1	65	470
215/2	0.25	27	27	7/8	7/8	4/4	2	2	1/16	1/16	1		0	60	471
431/4	0.25	27	27	15/16	15/16	4/4	2	2	1/16	1/16	1		1	67	472
108	1.0	28	28	0	0	4/4	2	1	1/4	1/4	1		4	52	477
108	0.25	28	28	0	0	4/4	2	2	1/16	1/16	1		0	60	479
108	1.0	28	28	0	0	4/4	1	1	1/4	1/4	1		4	76	473
433/4	0.25	28	28	1/16	1/16	4/4	2	2	1/16	1/16	1		-6	66	480
217/2	0.25	28	28	1/8	1/8	4/4	2	2	1/16	1/16	1		2	62	481
435/4	0.25	28	28	3/16	3/16	4/4	2	2	1/16	1/16	1		-4	68	482
109	0.25	28	28	1/4	1/4	4/4	2	2	1/16	1/16	1		0	60	483
109	1.0	28	28	1/4	1/4	4/4	1	1	1/4	1/4	1		4	76	474
437/4	0.25	28	28	5/16	5/16	4/4	2	2	1/16	1/16	1		-6	66	484
219/2	0.25	28	28	3/8	3/8	4/4	2	2	1/16	1/16	1		2	62	485
439/4	0.25	28	28	7/16	7/16	4/4	2	2	1/16	1/16	1		-4	68	486
110	1.0	28	28	1/2	1/2	4/4	2	1	1/4	1/4	1		0	48	478
110	0.25	28	28	1/2	1/2	4/4	2	2	1/16	1/16	1		0	60	487
110	1.0	28	28	1/2	1/2	4/4	1	1	1/4	1/4	1		0	72	475
441/4	0.25	28	28	9/16	9/16	4/4	2	2	1/16	1/16	1		-6	66	488
221/2	0.25	28	28	5/8	5/8	4/4	2	2	1/16	1/16	1		2	62	489
443/4	0.25	28	28	11/16	11/16	4/4	2	2	1/16	1/16	1		-4	68	490
111	0.25	28	28	3/4	3/4	4/4	2	2	1/16	1/16	1		0	60	491
111	1.0	28	28	3/4	3/4	4/4	1	1	1/4	1/4	1		0	72	476
445/4	0.25	28	28	13/16	13/16	4/4	2	2	1/16	1/16	1		-6	66	492
223/2	0.25	28	28	7/8	7/8	4/4	2	2	1/16	1/16	1		2	62	493
447/4	0.25	28	28	15/16	15/16	4/4	2	2	1/16	1/16	1		-4	68	494
112	4.0	29	29	0	0	4/4	2	1	1	1	1		2	50	496
112	0.25	29	29	0	0	4/4	2	2	1/16	1/16	1		-2	58	497
112	4.0	29	29	0	0	4/4	1	1	1	1	1		2	74	495
449/4	0.25	29	29	1/16	1/16	4/4	2	2	1/16	1/16	1		-1	65	498
225/2	0.25	29	29	1/8	1/8	4/4	2	2	1/16	1/16	1		0	60	499
451/4	0.25	29	29	3/16	3/16	4/4	2	2	1/16	1/16	1		1	67	500
113	0.25	29	29	1/4	1/4	4/4	2	2	1/16	1/16	1		-2	58	501
453/4	0.25	29	29	5/16	5/16	4/4	2	2	1/16	1/16	1		-1	65	502
227/2	0.25	29	29	3/8	3/8	4/4	2	2	1/16	1/16	1		0	60	503
455/4	0.25	29	29	7/16	7/16	4/4	2	2	1/16	1/16	1		1	67	504
114	0.25	29	29	1/2	1/2	4/4	2	2	1/16	1/16	1		-2	58	505
457/4	0.25	29	29	9/16	9/16	4/4	2	2	1/16	1/16	1		-1	65	506
229/2	0.25	29	29	5/8	5/8	4/4	2	2	1/16	1/16	1		0	60	507
459/4	0.25	29	29	11/16	11/16	4/4	2	2	1/16	1/16	1		1	67	508
115	0.25	29	29	3/4	3/4	4/4	2	2	1/16	1/16	1		-2	58	509
461/4	0.25	29	29	13/16	13/16	4/4	2	2	1/16	1/16	1		-1	65	510
231/2	0.25	29	29	7/8	7/8	4/4	2	2	1/16	1/16	1		0	60	511
463/4	0.25	29	29	15/16	15/16	4/4	2	2	1/16	1/16	1		1	67	512
116	4.0	30	30	0	0	4/4	2	1	1	1	1		2	50	513
116	0.25	30	30	0	0	4/4	2	2	1/16	1/16	1		2	62	514
465/4	0.25	30	30	1/16	1/16	4/4	2	2	1/16	1/16	1		4	64	515
233/2	0.25	30	30	1/8	1/8	4/4	2	2	1/16	1/16	1		0	60	516
467/4	0.25	30	30	3/16	3/16	4/4	2	2	1/16	1/16	1		-1	65	517
117	0.25	30	30	1/4	1/4	4/4	2	2	1/16	1/16	1		-2	58	518
469/4	0.25	30	30	5/16	5/16	4/4	2	2	1/16	1/16	1		1	67	519
235/2	0.25	30	30	3/8	3/8	4/4	2	2	1/16	1/16	1		3	57	520
471/4	0.25	30	30	7/16	7/16	4/4	2	2	1/16	1/16	1		3	69	521
118	0.25	30	30	1/2	1/2	4/4	2	2	1/16	1/16	1		0	60	522
473/4	0.25	30	30	9/16	9/16	4/4	2	2	1/16	1/16	1		2	62	523
237/2	0.25	30	30	5/8	5/8	4/4	2	2	1/16	1/16	1		-2	58	524
475/4	0.25	30	30	11/16	11/16	4/4	2	2	1/16	1/16	1		4	64	525
119	0.25	30	30	3/4	3/4	4/4	2	2	1/16	1/16	1		3	57	526
477/4	0.25	30	30	13/16	13/16	4/4	2	2	1/16	1/16	1		-1	65	527
239/2	0.25	30	30	7/8	7/8	4/4	2	2	1/16	1/16	1		1	55	528
479/4	0.25	30	30	15/16	15/16	4/4	2	2	1/16	1/16	1		1	67	529
120	4.0	31	31	0	0	4/4	2	1	1	1	1		2	50	530
120	0.25	31	31	0	0	4/4	2	2	1/16	1/16	1		2	62	531
481/4	0.25	31	31	1/16	1/16	4/4	2	2	1/16	1/16	1		4	64	532
241/2	0.25	31	31	1/8	1/8	4/4	2	2	1/16	1/16	1		0	60	533
483/4	0.25	31	31	3/16	3/16	4/4	2	2	1/16	1/16	1		-1	65	534
121	0.25	31	31	1/4	1/4	4/4	2	2	1/16	1/16	1		-2	58	535
485/4	0.25	31	31	5/16	5/16	4/4	2	2	1/16	1/16	1		1	67	536
243/2	0.25	31	31	3/8	3/8	4/4	2	2	1/16	1/16	1		3	57	537
487/4	0.25	31	31	7/16	7/16	4/4	2	2	1/16	1/16	1		3	69	538
122	0.25	31	31	1/2	1/2	4/4	2	2	1/16	1/16	1		0	60	539
489/4	0.25	31	31	9/16	9/16	4/4	2	2	1/16	1/16	1		2	62	540
245/2	0.25	31	31	5/8	5/8	4/4	2	2	1/16	1/16	1		-2	58	541
491/4	0.25	31	31	11/16	11/16	4/4	2	2	1/16	1/16	1		4	64	542
123	0.25	31	31	3/4	3/4	4/4	2	2	1/16	1/16	1		3	57	543
493/4	0.25	31	31	13/16	13/16	4/4	2	2	1/16	1/16	1		-1	65	544
247/2	0.25	31	31	7/8	7/8	4/4	2	2	1/16	1/16	1		1	55	545
495/4	0.25	31	31	15/16	15/16	4/4	2	2	1/16	1/16	1		1	67	546
124	0.5	32	32	0	0	4/4	2	1	1/8	1/8	1		1	55	556
124	4.0	32	32	0	0	4/4	1	2	1	1	1		0	60	555
497/4	0.5	32	32	1/16	1/16	4/4	1	1	1/8	1/8	1		2	62	547
249/2	0.5	32	32	1/8	1/8	4/4	2	1	1/8	1/8	1		4	52	557
499/4	0.5	32	32	3/16	3/16	4/4	1	1	1/8	1/8	1		-3	63	548
125	0.5	32	32	1/4	1/4	4/4	2	1	1/8	1/8	1		-2	46	558
501/4	0.5	32	32	5/16	5/16	4/4	1	1	1/8	1/8	1		-1	65	549
251/2	0.5	32	32	3/8	3/8	4/4	2	1	1/8	1/8	1		0	36	559
503/4	0.25	32	32	7/16	7/16	4/4	1	1	1/16	1/16	1		1	67	550
126	0.5	32	32	1/2	1/2	4/4	2	1	1/8	1/8	1		1	43	560
505/4	0.5	32	32	9/16	9/16	4/4	1	1	1/8	1/8	1		2	62	551
253/2	0.5	32	32	5/8	5/8	4/4	2	1	1/8	1/8	1		0	48	561
507/4	0.5	32	32	11/16	11/16	4/4	1	1	1/8	1/8	1		-3	63	552
127	0.5	32	32	3/4	3/4	4/4	2	1	1/8	1/8	1		3	57	562
509/4	0.5	32	32	13/16	13/16	4/4	1	1	1/8	1/8	1		-1	65	553
255/2	0.5	32	32	7/8	7/8	4/4	2	1	1/8	1/8	1		-1	53	563
511/4	0.25	32	32	15/16	15/16	4/4	1	1	1/16	1/16	1		1	67	554
128	0.5	33	33	0	0	4/4	2	1	1/8	1/8	1		1	55	573
128	4.0	33	33	0	0	4/4	1	2	1	1	1		0	60	572
513/4	0.5	33	33	1/16	1/16	4/4	1	1	1/8	1/8	1		2	62	564
257/2	0.5	33	33	1/8	1/8	4/4	2	1	1/8	1/8	1		4	52	574
515/4	0.5	33	33	3/16	3/16	4/4	1	1	1/8	1/8	1		-3	63	565
129	0.5	33	33	1/4	1/4	4/4	2	1	1/8	1/8	1		-2	46	575
517/4	0.5	33	33	5/16	5/16	4/4	1	1	1/8	1/8	1		-1	65	566
259/2	0.5	33	33	3/8	3/8	4/4	2	1	1/8	1/8	1		0	36	576
519/4	0.25	33	33	7/16	7/16	4/4	1	1	1/16	1/16	1		1	67	567
130	0.5	33	33	1/2	1/2	4/4	2	1	1/8	1/8	1		1	43	577
521/4	0.5	33	33	9/16	9/16	4/4	1	1	1/8	1/8	1		2	62	568
261/2	0.5	33	33	5/8	5/8	4/4	2	1	1/8	1/8	1		0	48	578
523/4	0.5	33	33	11/16	11/16	4/4	1	1	1/8	1/8	1		-3	63	569
131	0.5	33	33	3/4	3/4	4/4	2	1	1/8	1/8	1		3	57	579
525/4	0.5	33	33	13/16	13/16	4/4	1	1	1/8	1/8	1		-1	65	570
263/2	0.5	33	33	7/8	7/8	4/4	2	1	1/8	1/8	1		-1	53	580
527/4	0.25	33	33	15/16	15/16	4/4	1	1	1/16	1/16	1		1	67	571
132	0.5	34	34	0	0	4/4	2	1	1/8	1/8	1		2	62	590
529/4	0.5	34	34	1/16	1/16	4/4	2	2	1/8	1/8	1		0	60	598
265/2	0.5	34	34	1/8	1/8	4/4	2	1	1/8	1/8	1		-3	63	591
531/4	0.5	34	34	3/16	3/16	4/4	2	2	1/8	1/8	1		0	60	599
133	0.5	34	34	1/4	1/4	4/4	2	1	1/8	1/8	1		-1	65	592
133	0.3333333333333333	34	34	1/4	1/4	4/4	1	1	1/12	1/8	2/3		-2	82	581
533/4	0.5	34	34	5/16	5/16	4/4	2	2	1/8	1/8	1		0	60	600
400/3	0.3333333333333333	34	34	1/3	1/3	4/4	1	1	1/12	1/8	2/3		-2	82	582
267/2	0.5	34	34	3/8	3/8	4/4	2	1	1/8	1/8	1		1	67	593
401/3	0.3333333333333333	34	34	5/12	5/12	4/4	1	1	1/12	1/8	2/3		-2	82	583
535/4	0.25	34	34	7/16	7/16	4/4	2	2	1/16	1/16	1		0	60	601
134	0.5	34	34	1/2	1/2	4/4	2	1	1/8	1/8	1		2	62	594
134	0.3333333333333333	34	34	1/2	1/2	4/4	1	1	1/12	1/8	2/3		-2	82	584
537/4	0.5	34	34	9/16	9/16	4/4	2	2	1/8	1/8	1		0	60	602
403/3	0.3333333333333333	34	34	7/12	7/12	4/4	1	1	1/12	1/8	2/3		-2	82	585
269/2	0.5	34	34	5/8	5/8	4/4	2	1	1/8	1/8	1		-3	63	595
404/3	0.3333333333333333	34	34	2/3	2/3	4/4	1	1	1/12	1/8	2/3		-2	82	586
539/4	0.5	34	34	11/16	11/16	4/4	2	2	1/8	1/8	1		0	60	603
135	0.5	34	34	3/4	3/4	4/4	2	1	1/8	1/8	1		-1	65	596
135	0.3333333333333333	34	34	3/4	3/4	4/4	1	1	1/12	1/8	2/3		-2	82	587
541/4	0.5	34	34	13/16	13/16	4/4	2	2	1/8	1/8	1		0	60	604
406/3	0.3333333333333333	34	34	5/6	5/6	4/4	1	1	1/12	1/8	2/3		-2	82	588
271/2	0.5	34	34	7/8	7/8	4/4	2	1	1/8	1/8	1		1	67	597
407/3	0.3333333333333333	34	34	11/12	11/12	4/4	1	1	1/12	1/8	2/3		-2	82	589
543/4	0.25	34	34	15/16	15/16	4/4	2	2	1/16	1/16	1		0	60	605
136	0.5	35	35	0	0	4/4	2	1	1/8	1/8	1		2	62	612
136	0.5	35	35	0	0	4/4	1	1	1/8	1/8	1		-2	82	606
545/4	0.5	35	35	1/16	1/16	4/4	2	2	1/8	1/8	1		0	60	620
273/2	0.5	35	35	1/8	1/8	4/4	2	1	1/8	1/8	1		-3	63	613
273/2	0.5	35	35	1/8	1/8	4/4	1	1	1/8	1/8	1		3	81	607
547/4	0.5	35	35	3/16	3/16	4/4	2	2	1/8	1/8	1		0	60	621
137	0.5	35	35	1/4	1/4	4/4	2	1	1/8	1/8	1		-1	65	614
137	2.0	35	35	1/4	1/4	4/4	1	1	1/2	1/2	1		1	79	608
549/4	0.5	35	35	5/16	5/16	4/4	2	2	1/8	1/8	1		0	60	622
275/2	0.5	35	35	3/8	3/8	4/4	2	1	1/8	1/8	1		1	67	615
551/4	0.25	35	35	7/16	7/16	4/4	2	2	1/16	1/16	1		0	60	623
138	0.5	35	35	1/2	1/2	4/4	2	1	1/8	1/8	1		2	62	616
553/4	0.5	35	35	9/16	9/16	4/4	2	2	1/8	1/8	1		0	60	624
277/2	0.5	35	35	5/8	5/8	4/4	2	1	1/8	1/8	1		-3	63	617
555/4	0.5	35	35	11/16	11/16	4/4	2	2	1/8	1/8	1		0	60	625
139	0.5	35	35	3/4	3/4	4/4	2	1	1/8	1/8	1		-1	65	618
139	0.3333333333333333	35	35	3/4	3/4	4/4	1	1	1/12	1/8	2/3		-2	82	609
557/4	0.5	35	35	13/16	13/16	4/4	2	2	1/8	1/8	1		0	60	626
418/3	0.3333333333333333	35	35	5/6	5/6	4/4	1	1	1/12	1/8	2/3		3	81	610
279/2	0.5	35	35	7/8	7/8	4/4	2	1	1/8	1/8	1		1	67	619
419/3	0.3333333333333333	35	35	11/12	11/12	4/4	1	1	1/12	1/8	2/3		1	79	611
559/4	0.25	35	35	15/16	15/16	4/4	2	2	1/16	1/16	1		0	60	627
140	0.5	36	36	0	0	4/4	2	1	1/8	1/8	1		2	62	635
140	1.0	36	36	0	0	4/4	1	1	1/4	1/4	1		1	79	628
561/4	0.5	36	36	1/16	1/16	4/4	2	2	1/8	1/8	1		0	60	643
281/2	0.5	36	36	1/8	1/8	4/4	2	1	1/8	1/8	1		-3	63	636
563/4	0.5	36	36	3/16	3/16	4/4	2	2	1/8	1/8	1		0	60	644
141	0.5	36	36	1/4	1/4	4/4	2	1	1/8	1/8	1		-1	65	637
141	0.3333333333333333	36	36	1/4	1/4	4/4	1	1	1/12	1/8	2/3		-1	77	629
565/4	0.5	36	36	5/16	5/16	4/4	2	2	1/8	1/8	1		0	60	645
424/3	0.3333333333333333	36	36	1/3	1/3	4/4	1	1	1/12	1/8	2/3		4	76	630
283/2	0.5	36	36	3/8	3/8	4/4	2	1	1/8	1/8	1		1	67	638
425/3	0.3333333333333333	36	36	5/12	5/12	4/4	1	1	1/12	1/8	2/3		2	74	631
567/4	0.25	36	36	7/16	7/16	4/4	2	2	1/16	1/16	1		0	60	646
142	0.5	36	36	1/2	1/2	4/4	2	1	1/8	1/8	1		1	67	639
142	0.5	36	36	1/2	1/2	4/4	1	1	1/8	1/8	1		2	74	632
569/4	0.5	36	36	9/16	9/16	4/4	2	2	1/8	1/8	1		-2	58	647
285/2	0.5	36	36	5/8	5/8	4/4	2	1	1/8	1/8	1		1	67	640
285/2	0.5	36	36	5/8	5/8	4/4	1	1	1/8	1/8	1	1	-2	70	633
571/4	0.5	36	36	11/16	11/16	4/4	2	2	1/8	1/8	1		-2	58	648
143	0.5	36	36	3/4	3/4	4/4	2	1	1/8	1/8	1		1	67	641
143	1.0	36	36	3/4	3/4	4/4	1	1	1/4	1/4	1	-1	-2	70	634
573/4	0.5	36	36	13/16	13/16	4/4	2	2	1/8	1/8	1		-2	58	649
287/2	0.5	36	36	7/8	7/8	4/4	2	1	1/8	1/8	1		1	67	642
575/4	0.25	36	36	15/16	15/16	4/4	2	2	1/16	1/16	1		-2	58	650
144	0.5	37	37	0	0	4/4	2	1	1/8	1/8	1		1	67	659
577/4	0.5	37	37	1/16	1/16	4/4	2	2	1/8	1/8	1		-2	58	667
289/2	0.5	37	37	1/8	1/8	4/4	2	1	1/8	1/8	1		1	67	660
579/4	0.5	37	37	3/16	3/16	4/4	2	2	1/8	1/8	1		-2	58	668
145	0.5	37	37	1/4	1/4	4/4	2	1	1/8	1/8	1		-1	65	661
145	0.3333333333333333	37	37	1/4	1/4	4/4	1	1	1/12	1/8	2/3		-1	77	651
581/4	0.5	37	37	5/16	5/16	4/4	2	2	1/8	1/8	1		-2	58	669
436/3	0.3333333333333333	37	37	1/3	1/3	4/4	1	1	1/12	1/8	2/3		4	76	652
291/2	0.5	37	37	3/8	3/8	4/4	2	1	1/8	1/8	1		-1	65	662
437/3	0.3333333333333333	37	37	5/12	5/12	4/4	1	1	1/12	1/8	2/3		2	74	653
583/4	0.25	37	37	7/16	7/16	4/4	2	2	1/16	1/16	1		-2	58	670
146	0.5	37	37	1/2	1/2	4/4	2	1	1/8	1/8	1		4	64	663
146	0.5	37	37	1/2	1/2	4/4	1	1	1/8	1/8	1		-5	73	654
585/4	0.5	37	37	9/16	9/16	4/4	2	2	1/8	1/8	1		-2	58	671
293/2	0.5	37	37	5/8	5/8	4/4	2	1	1/8	1/8	1		4	64	664
293/2	0.5	37	37	5/8	5/8	4/4	1	1	1/8	1/8	1		-2	70	655
587/4	0.5	37	37	11/16	11/16	4/4	2	2	1/8	1/8	1		-2	58	672
147	0.5	37	37	3/4	3/4	4/4	2	1	1/8	1/8	1		-1	65	665
147	0.3333333333333333	37	37	3/4	3/4	4/4	1	1	1/12	1/8	2/3		-1	77	656
589/4	0.5	37	37	13/16	13/16	4/4	2	2	1/8	1/8	1		-2	58	673
442/3	0.3333333333333333	37	37	5/6	5/6	4/4	1	1	1/12	1/8	2/3		4	76	657
295/2	0.5	37	37	7/8	7/8	4/4	2	1	1/8	1/8	1		-1	65	666
443/3	0.3333333333333333	37	37	11/12	11/12	4/4	1	1	1/12	1/8	2/3		2	74	658
591/4	0.25	37	37	15/16	15/16	4/4	2	2	1/16	1/16	1		-2	58	674
148	0.25	38	38	0	0	4/4	2	2	1/16	1/16	1		-2	58	679
148	4.0	38	38	0	0	4/4	2	1	1	1	1		-5	61	678
148	4.0	38	38	0	0	4/4	2	1	1	1	1		-8	64	678
148	4.0	38	38	0	0	4/4	2	1	1	1	1		-6	66	678
148	4.0	38	38	0	0	4/4	1	1	1	1	1		-5	73	675
148	4.0	38	38	0	0	4/4	1	1	1	1	1		-8	76	675
148	4.0	38	38	0	0	4/4	1	1	1	1	1		-6	78	675
148	0.5	38	38	0	0	4/4	1	2	1/8	1/8	1		-5	85	676
593/4	0.25	38	38	1/16	1/16	4/4	2	2	1/16	1/16	1		0	60	680
297/2	0.25	38	38	1/8	1/8	4/4	2	2	1/16	1/16	1		-2	58	681
297/2	0.5	38	38	1/8	1/8	4/4	1	2	1/8	1/8	1		-2	82	677
595/4	0.25	38	38	3/16	3/16	4/4	2	2	1/16	1/16	1		0	60	682
149	0.25	38	38	1/4	1/4	4/4	2	2	1/16	1/16	1		-2	58	683
597/4	0.25	38	38	5/16	5/16	4/4	2	2	1/16	1/16	1		0	60	684
299/2	0.25	38	38	3/8	3/8	4/4	2	2	1/16	1/16	1		-2	58	685
599/4	0.25	38	38	7/16	7/16	4/4	2	2	1/16	1/16	1		0	60	686
150	0.25	38	38	1/2	1/2	4/4	2	2	1/16	1/16	1		-2	58	687
601/4	0.25	38	38	9/16	9/16	4/4	2	2	1/16	1/16	1		0	60	688
301/2	0.25	38	38	5/8	5/8	4/4	2	2	1/16	1/16	1		-2	58	689
603/4	0.25	38	38	11/16	11/16	4/4	2	2	1/16	1/16	1		0	60	690
151	0.25	38	38	3/4	3/4	4/4	2	2	1/16	1/16	1		-2	58	691
605/4	0.25	38	38	13/16	13/16	4/4	2	2	1/16	1/16	1		0	60	692
303/2	0.25	38	38	7/8	7/8	4/4	2	2	1/16	1/16	1		-2	58	693
607/4	0.25	38	38	15/16	15/16	4/4	2	2	1/16	1/16	1		0	60	694
152	0.25	39	39	0	0	4/4	2	1	1/16	1/16	1		-2	58	698
152	1.0	39	39	0	0	4/4	1	1	1/4	1/4	1		-5	61	695
152	1.0	39	39	0	0	4/4	1	1	1/4	1/4	1		-8	64	695
152	1.0	39	39	0	0	4/4	1	1	1/4	1/4	1		-6	66	695
152	0.5	39	39	0	0	4/4	1	2	1/8	1/8	1		-5	73	696
609/4	0.25	39	39	1/16	1/16	4/4	2	1	1/16	1/16	1		0	60	699
305/2	0.25	39	39	1/8	1/8	4/4	2	1	1/16	1/16	1		-2	58	700
305/2	0.5	39	39	1/8	1/8	4/4	1	2	1/8	1/8	1		-2	70	697
611/4	0.25	39	39	3/16	3/16	4/4	2	1	1/16	1/16	1		0	60	701
153	0.25	39	39	1/4	1/4	4/4	2	1	1/16	1/16	1		-2	58	702
613/4	0.25	39	39	5/16	5/16	4/4	2	1	1/16	1/16	1		0	60	703
307/2	0.25	39	39	3/8	3/8	4/4	2	1	1/16	1/16	1		-2	58	704
615/4	0.25	39	39	7/16	7/16	4/4	2	1	1/16	1/16	1		0	60	705
154	0.25	39	39	1/2	1/2	4/4	2	1	1/16	1/16	1		-2	58	706
617/4	0.25	39	39	9/16	9/16	4/4	2	1	1/16	1/16	1		0	60	707
309/2	0.25	39	39	5/8	5/8	4/4	2	1	1/16	1/16	1		-2	58	708
619/4	0.25	39	39	11/16	11/16	4/4	2	1	1/16	1/16	1		0	60	709
155	0.25	39	39	3/4	3/4	4/4	2	1	1/16	1/16	1		-2	58	710
621/4	0.25	39	39	13/16	13/16	4/4	2	1	1/16	1/16	1		0	60	711
311/2	0.25	39	39	7/8	7/8	4/4	2	1	1/16	1/16	1		-2	58	712
623/4	0.25	39	39	15/16	15/16	4/4	2	1	1/16	1/16	1		0	60	713
156	0.25	40	40	0	0	4/4	1	1	1/16	1/16	1		-2	58	714
625/4	0.25	40	40	1/16	1/16	4/4	1	1	1/16	1/16	1		0	60	715
313/2	0.25	40	40	1/8	1/8	4/4	2	1	1/16	1/16	1		-2	46	730
313/2	0.25	40	40	1/8	1/8	4/4	1	1	1/16	1/16	1		-2	58	716
627/4	0.25	40	40	3/16	3/16	4/4	2	1	1/16	1/16	1		3	45	731
627/4	0.25	40	40	3/16	3/16	4/4	1	1	1/16	1/16	1		0	60	717
157	0.5	40	40	1/4	1/4	4/4	2	1	1/8	1/8	1		-2	46	732
157	0.25	40	40	1/4	1/4	4/4	1	1	1/16	1/16	1		-2	58	718
629/4	0.25	40	40	5/16	5/16	4/4	1	1	1/16	1/16	1		0	60	719
315/2	0.25	40	40	3/8	3/8	4/4	2	1	1/16	1/16	1		6	42	733
315/2	0.25	40	40	3/8	3/8	4/4	1	1	1/16	1/16	1		-2	58	720
631/4	0.25	40	40	7/16	7/16	4/4	2	1	1/16	1/16	1		-2	46	734
631/4	0.25	40	40	7/16	7/16	4/4	1	1	1/16	1/16	1		0	60	721
158	0.25	40	40	1/2	1/2	4/4	2	1	1/16	1/16	1		3	45	735
158	0.25	40	40	1/2	1/2	4/4	1	1	1/16	1/16	1		-2	58	722
633/4	0.25	40	40	9/16	9/16	4/4	2	1	1/16	1/16	1		-2	46	736
633/4	0.25	40	40	9/16	9/16	4/4	1	1	1/16	1/16	1		0	60	723
317/2	0.5	40	40	5/8	5/8	4/4	2	1	1/8	1/8	1	1	0	48	737
317/2	0.25	40	40	5/8	5/8	4/4	1	1	1/16	1/16	1		-2	58	724
635/4	0.25	40	40	11/16	11/16	4/4	1	1	1/16	1/16	1		0	60	725
159	0.75	40	40	3/4	3/4	4/4	2	1	3/16	1/8	3/2	-1	0	48	738
159	0.25	40	40	3/4	3/4	4/4	1	1	1/16	1/16	1		-2	58	726
637/4	0.25	40	40	13/16	13/16	4/4	1	1	1/16	1/16	1		0	60	727
319/2	0.25	40	40	7/8	7/8	4/4	1	1	1/16	1/16	1		-2	58	728
639/4	0.25	40	40	15/16	15/16	4/4	2	1	1/16	1/16	1		-5	49	739
639/4	0.25	40	40	15/16	15/16	4/4	1	1	1/16	1/16	1		0	60	729
160	0.75	41	41	0	0	4/4	2	1	3/16	1/8	3/2		2	50	756
160	0.25	41	41	0	0	4/4	1	1	1/16	1/16	1		-2	58	740
641/4	0.25	41	41	1/16	1/16	4/4	1	1	1/16	1/16	1		0	60	741
321/2	0.25	41	41	1/8	1/8	4/4	1	1	1/16	1/16	1		-2	58	742
643/4	0.25	41	41	3/16	3/16	4/4	2	1	1/16	1/16	1		-3	51	757
643/4	0.25	41	41	3/16	3/16	4/4	1	1	1/16	1/16	1		0	60	743
161	3.0	41	41	1/4	1/4	4/4	2	1	3/4	1/2	3/2		4	52	758
161	0.25	41	41	1/4	1/4	4/4	1	1	1/16	1/16	1		-2	58	744
645/4	0.25	41	41	5/16	5/16	4/4	1	1	1/16	1/16	1		-5	61	745
323/2	0.25	41	41	3/8	3/8	4/4	1	1	1/16	1/16	1		-2	58	746
647/4	0.25	41	41	7/16	7/16	4/4	1	1	1/16	1/16	1		-5	61	747
162	0.25	41	41	1/2	1/2	4/4	1	1	1/16	1/16	1		-2	58	748
649/4	0.25	41	41	9/16	9/16	4/4	1	1	1/16	1/16	1		-5	61	749
325/2	0.25	41	41	5/8	5/8	4/4	1	1	1/16	1/16	1		-2	70	750
651/4	0.25	41	41	11/16	11/16	4/4	1	1	1/16	1/16	1		-5	73	751
163	0.25	41	41	3/4	3/4	4/4	1	1	1/16	1/16	1		-2	58	752
653/4	0.25	41	41	13/16	13/16	4/4	1	1	1/16	1/16	1		-5	61	753
327/2	0.25	41	41	7/8	7/8	4/4	1	1	1/16	1/16	1		-2	58	754
655/4	0.25	41	41	15/16	15/16	4/4	1	1	1/16	1/16	1		-5	61	755
164	0.25	42	42	0	0	4/4	1	1	1/16	1/16	1		-2	58	759
657/4	0.25	42	42	1/16	1/16	4/4	1	1	1/16	1/16	1		0	60	760
329/2	0.25	42	42	1/8	1/8	4/4	2	1	1/16	1/16	1		-2	46	775
329/2	0.25	42	42	1/8	1/8	4/4	1	1	1/16	1/16	1		-2	58	761
659/4	0.25	42	42	3/16	3/16	4/4	2	1	1/16	1/16	1		3	45	776
659/4	0.25	42	42	3/16	3/16	4/4	1	1	1/16	1/16	1		0	60	762
165	0.5	42	42	1/4	1/4	4/4	2	1	1/8	1/8	1		-2	46	777
165	0.25	42	42	1/4	1/4	4/4	1	1	1/16	1/16	1		-2	58	763
661/4	0.25	42	42	5/16	5/16	4/4	1	1	1/16	1/16	1		0	60	764
331/2	0.25	42	42	3/8	3/8	4/4	2	1	1/16	1/16	1		6	42	778
331/2	0.25	42	42	3/8	3/8	4/4	1	1	1/16	1/16	1		-2	58	765
663/4	0.25	42	42	7/16	7/16	4/4	2	1	1/16	1/16	1		-2	46	779
663/4	0.25	42	42	7/16	7/16	4/4	1	1	1/16	1/16	1		0	60	766
166	0.25	42	42	1/2	1/2	4/4	2	1	1/16	1/16	1		3	45	780
166	0.25	42	42	1/2	1/2	4/4	1	1	1/16	1/16	1		-2	58	767
665/4	0.25	42	42	9/16	9/16	4/4	2	1	1/16	1/16	1		-2	46	781
665/4	0.25	42	42	9/16	9/16	4/4	1	1	1/16	1/16	1		0	60	768
333/2	0.5	42	42	5/8	5/8	4/4	2	1	1/8	1/8	1	1	0	48	782
333/2	0.25	42	42	5/8	5/8	4/4	1	1	1/16	1/16	1		-2	58	769
667/4	0.25	42	42	11/16	11/16	4/4	1	1	1/16	1/16	1		0	60	770
167	0.75	42	42	3/4	3/4	4/4	2	1	3/16	1/8	3/2	-1	0	48	783
167	0.25	42	42	3/4	3/4	4/4	1	1	1/16	1/16	1		-2	58	771
669/4	0.25	42	42	13/16	13/16	4/4	1	1	1/16	1/16	1		0	60	772
335/2	0.25	42	42	7/8	7/8	4/4	1	1	1/16	1/16	1		-2	58	773
671/4	0.25	42	42	15/16	15/16	4/4	2	1	1/16	1/16	1		-5	49	784
671/4	0.25	42	42	15/16	15/16	4/4	1	1	1/16	1/16	1		0	60	774
168	0.75	43	43	0	0	4/4	2	1	3/16	1/8	3/2		2	50	801
168	0.25	43	43	0	0	4/4	1	1	1/16	1/16	1		-2	58	785
673/4	0.25	43	43	1/16	1/16	4/4	1	1	1/16	1/16	1		0	60	786
337/2	0.25	43	43	1/8	1/8	4/4	1	1	1/16	1/16	1		-2	58	787
675/4	0.25	43	43	3/16	3/16	4/4	2	1	1/16	1/16	1		-3	51	802
675/4	0.25	43	43	3/16	3/16	4/4	1	1	1/16	1/16	1		0	60	788
169	3.0	43	43	1/4	1/4	4/4	2	1	3/4	1/2	3/2		4	52	803
169	0.25	43	43	1/4	1/4	4/4	1	1	1/16	1/16	1		-2	58	789
677/4	0.25	43	43	5/16	5/16	4/4	1	1	1/16	1/16	1		-5	61	790
339/2	0.25	43	43	3/8	3/8	4/4	1	1	1/16	1/16	1		-2	58	791
679/4	0.25	43	43	7/16	7/16	4/4	1	1	1/16	1/16	1		-5	61	792
170	0.25	43	43	1/2	1/2	4/4	1	1	1/16	1/16	1		-2	58	793
681/4	0.25	43	43	9/16	9/16	4/4	1	1	1/16	1/16	1		-5	61	794
341/2	0.25	43	43	5/8	5/8	4/4	1	1	1/16	1/16	1		-2	70	795
683/4	0.25	43	43	11/16	11/16	4/4	1	1	1/16	1/16	1		-5	73	796
171	0.25	43	43	3/4	3/4	4/4	1	1	1/16	1/16	1		-2	70	797
685/4	0.25	43	43	13/16	13/16	4/4	1	1	1/16	1/16	1		-5	73	798
343/2	0.25	43	43	7/8	7/8	4/4	1	1	1/16	1/16	1		-2	70	799
687/4	0.25	43	43	15/16	15/16	4/4	1	1	1/16	1/16	1		-5	73	800
172	0.25	44	44	0	0	4/4	2	1	1/16	1/16	1		-2	70	813
172	1.0	44	44	0	0	4/4	2	2	1/4	1/4	1		-2	70	829
689/4	0.25	44	44	1/16	1/16	4/4	2	1	1/16	1/16	1		-5	73	814
345/2	0.25	44	44	1/8	1/8	4/4	2	1	1/16	1/16	1		-2	70	815
691/4	0.25	44	44	3/16	3/16	4/4	2	1	1/16	1/16	1		-5	73	816
173	1.0	44	44	1/4	1/4	4/4	2	2	1/4	1/4	1		-4	68	830
173	0.25	44	44	1/4	1/4	4/4	2	1	1/16	1/16	1		-2	70	817
173	0.3333333333333333	44	44	1/4	1/4	4/4	1	1	1/12	1/8	2/3		-2	82	804
693/4	0.25	44	44	5/16	5/16	4/4	2	1	1/16	1/16	1		-5	73	818
520/3	0.3333333333333333	44	44	1/3	1/3	4/4	1	1	1/12	1/8	2/3		-2	82	805
347/2	0.25	44	44	3/8	3/8	4/4	2	1	1/16	1/16	1		-2	70	819
521/3	0.3333333333333333	44	44	5/12	5/12	4/4	1	1	1/12	1/8	2/3		-2	82	806
695/4	0.25	44	44	7/16	7/16	4/4	2	1	1/16	1/16	1		-5	73	820
174	1.0	44	44	1/2	1/2	4/4	2	2	1/4	1/4	1		-6	66	831
174	0.25	44	44	1/2	1/2	4/4	2	1	1/16	1/16	1		-2	70	821
174	0.3333333333333333	44	44	1/2	1/2	4/4	1	1	1/12	1/8	2/3		-2	82	807
697/4	0.25	44	44	9/16	9/16	4/4	2	1	1/16	1/16	1		-5	73	822
523/3	0.3333333333333333	44	44	7/12	7/12	4/4	1	1	1/12	1/8	2/3		-2	82	808
349/2	0.25	44	44	5/8	5/8	4/4	2	1	1/16	1/16	1		-2	70	823
524/3	0.3333333333333333	44	44	2/3	2/3	4/4	1	1	1/12	1/8	2/3		-2	82	809
699/4	0.25	44	44	11/16	11/16	4/4	2	1	1/16	1/16	1		-5	73	824
175	1.0	44	44	3/4	3/4	4/4	2	2	1/4	1/4	1		-1	65	832
175	0.25	44	44	3/4	3/4	4/4	2	1	1/16	1/16	1		-2	70	825
175	0.3333333333333333	44	44	3/4	3/4	4/4	1	1	1/12	1/8	2/3		-2	82	810
701/4	0.25	44	44	13/16	13/16	4/4	2	1	1/16	1/16	1		-5	73	826
526/3	0.3333333333333333	44	44	5/6	5/6	4/4	1	1	1/12	1/8	2/3		-2	82	811
351/2	0.25	44	44	7/8	7/8	4/4	2	1	1/16	1/16	1		-2	70	827
527/3	0.3333333333333333	44	44	11/12	11/12	4/4	1	1	1/12	1/8	2/3		-2	82	812
703/4	0.25	44	44	15/16	15/16	4/4	2	1	1/16	1/16	1		-5	73	828
176	2.0	45	45	0	0	4/4	2	2	1/2	1/2	1		4	64	855
176	0.25	45	45	0	0	4/4	2	1	1/16	1/16	1		-2	70	839
176	0.5	45	45	0	0	4/4	1	1	1/8	1/8	1		-2	82	833
705/4	0.25	45	45	1/16	1/16	4/4	2	1	1/16	1/16	1		-5	73	840
353/2	0.25	45	45	1/8	1/8	4/4	2	1	1/16	1/16	1		-2	70	841
353/2	0.5	45	45	1/8	1/8	4/4	1	1	1/8	1/8	1		3	81	834
707/4	0.25	45	45	3/16	3/16	4/4	2	1	1/16	1/16	1		-5	73	842
177	0.25	45	45	1/4	1/4	4/4	2	1	1/16	1/16	1		-2	70	843
177	2.0	45	45	1/4	1/4	4/4	1	1	1/2	1/2	1		1	79	835
709/4	0.25	45	45	5/16	5/16	4/4	2	1	1/16	1/16	1		-5	73	844
355/2	0.25	45	45	3/8	3/8	4/4	2	1	1/16	1/16	1		-2	70	845
711/4	0.25	45	45	7/16	7/16	4/4	2	1	1/16	1/16	1		-5	73	846
178	2.0	45	45	1/2	1/2	4/4	2	2	1/2	1/2	1		-1	65	856
178	0.25	45	45	1/2	1/2	4/4	2	1	1/16	1/16	1		-2	70	847
713/4	0.25	45	45	9/16	9/16	4/4	2	1	1/16	1/16	1		-5	73	848
357/2	0.25	45	45	5/8	5/8	4/4	2	1	1/16	1/16	1		-2	70	849
715/4	0.25	45	45	11/16	11/16	4/4	2	1	1/16	1/16	1		-5	73	850
179	0.25	45	45	3/4	3/4	4/4	2	1	1/16	1/16	1		-2	70	851
179	0.3333333333333333	45	45	3/4	3/4	4/4	1	1	1/12	1/8	2/3		-2	82	836
717/4	0.25	45	45	13/16	13/16	4/4	2	1	1/16	1/16	1		-5	73	852
538/3	0.3333333333333333	45	45	5/6	5/6	4/4	1	1	1/12	1/8	2/3		3	81	837
359/2	0.25	45	45	7/8	7/8	4/4	2	1	1/16	1/16	1		-2	70	853
539/3	0.3333333333333333	45	45	11/12	11/12	4/4	1	1	1/12	1/8	2/3		1	79	838
719/4	0.25	45	45	15/16	15/16	4/4	2	1	1/16	1/16	1		-5	73	854
180	0.25	46	46	0	0	4/4	2	1	1/16	1/16	1		-2	70	864
180	1.0	46	46	0	0	4/4	2	2	1/4	1/4	1		-2	70	880
180	1.0	46	46	0	0	4/4	1	1	1/4	1/4	1		1	79	857
721/4	0.25	46	46	1/16	1/16	4/4	2	1	1/16	1/16	1		-5	73	865
361/2	0.25	46	46	1/8	1/8	4/4	2	1	1/16	1/16	1		-2	70	866
723/4	0.25	46	46	3/16	3/16	4/4	2	1	1/16	1/16	1		-5	73	867
181	0.25	46	46	1/4	1/4	4/4	2	1	1/16	1/16	1		1	67	868
181	1.0	46	46	1/4	1/4	4/4	2	2	1/4	1/4	1		1	67	881
181	0.3333333333333333	46	46	1/4	1/4	4/4	1	1	1/12	1/8	2/3		-1	77	858
725/4	0.25	46	46	5/16	5/16	4/4	2	1	1/16	1/16	1		-2	70	869
544/3	0.3333333333333333	46	46	1/3	1/3	4/4	1	1	1/12	1/8	2/3		4	76	859
363/2	0.25	46	46	3/8	3/8	4/4	2	1	1/16	1/16	1		1	67	870
545/3	0.3333333333333333	46	46	5/12	5/12	4/4	1	1	1/12	1/8	2/3		2	74	860
727/4	0.25	46	46	7/16	7/16	4/4	2	1	1/16	1/16	1		-2	70	871
182	0.25	46	46	1/2	1/2	4/4	2	1	1/16	1/16	1		4	64	872
182	1.0	46	46	1/2	1/2	4/4	2	2	1/4	1/4	1		4	64	882
182	0.5	46	46	1/2	1/2	4/4	1	1	1/8	1/8	1		-5	73	861
729/4	0.25	46	46	9/16	9/16	4/4	2	1	1/16	1/16	1		1	67	873
365/2	0.25	46	46	5/8	5/8	4/4	2	1	1/16	1/16	1		4	64	874
365/2	0.5	46	46	5/8	5/8	4/4	1	1	1/8	1/8	1	1	-2	70	862
731/4	0.25	46	46	11/16	11/16	4/4	2	1	1/16	1/16	1		1	67	875
183	0.25	46	46	3/4	3/4	4/4	2	1	1/16	1/16	1		-5	61	876
183	1.0	46	46	3/4	3/4	4/4	2	2	1/4	1/4	1		-5	61	883
183	1.0	46	46	3/4	3/4	4/4	1	1	1/4	1/4	1	-1	-2	70	863
733/4	0.25	46	46	13/16	13/16	4/4	2	1	1/16	1/16	1		-1	65	877
367/2	0.25	46	46	7/8	7/8	4/4	2	1	1/16	1/16	1		-5	61	878
735/4	0.25	46	46	15/16	15/16	4/4	2	1	1/16	1/16	1		-1	65	879
184	0.25	47	47	0	0	4/4	2	1	1/16	1/16	1		-2	58	895
184	1.0	47	47	0	0	4/4	2	2	1/4	1/4	1		-2	58	911
737/4	0.25	47	47	1/16	1/16	4/4	2	1	1/16	1/16	1		-5	61	896
369/2	0.25	47	47	1/8	1/8	4/4	2	1	1/16	1/16	1		-2	58	897
739/4	0.25	47	47	3/16	3/16	4/4	2	1	1/16	1/16	1		-5	61	898
185	2.0	47	47	1/4	1/4	4/4	2	2	1/2	1/2	1		-3	51	912
185	0.25	47	47	1/4	1/4	4/4	2	1	1/16	1/16	1		-7	59	899
185	1.0	47	47	1/4	1/4	4/4	1	2	1/4	1/4	1		-4	68	892
185	0.3333333333333333	47	47	1/4	1/4	4/4	1	1	1/12	1/8	2/3		-1	77	884
741/4	0.25	47	47	5/16	5/16	4/4	2	1	1/16	1/16	1		2	62	900
556/3	0.3333333333333333	47	47	1/3	1/3	4/4	1	1	1/12	1/8	2/3		4	76	885
371/2	0.25	47	47	3/8	3/8	4/4	2	1	1/16	1/16	1		-7	59	901
557/3	0.3333333333333333	47	47	5/12	5/12	4/4	1	1	1/12	1/8	2/3		2	74	886
743/4	0.25	47	47	7/16	7/16	4/4	2	1	1/16	1/16	1		2	62	902
186	0.25	47	47	1/2	1/2	4/4	2	1	1/16	1/16	1		-2	58	903
186	1.0	47	47	1/2	1/2	4/4	1	2	1/4	1/4	1		1	67	893
186	0.5	47	47	1/2	1/2	4/4	1	1	1/8	1/8	1		-5	73	887
745/4	0.25	47	47	9/16	9/16	4/4	2	1	1/16	1/16	1		-3	63	904
373/2	0.25	47	47	5/8	5/8	4/4	2	1	1/16	1/16	1		-2	58	905
373/2	0.5	47	47	5/8	5/8	4/4	1	1	1/8	1/8	1		-2	70	888
747/4	0.25	47	47	11/16	11/16	4/4	2	1	1/16	1/16	1		-3	63	906
187	1.0	47	47	3/4	3/4	4/4	2	2	1/4	1/4	1		-3	51	913
187	0.25	47	47	3/4	3/4	4/4	2	1	1/16	1/16	1		-7	59	907
187	1.0	47	47	3/4	3/4	4/4	1	2	1/4	1/4	1		-4	68	894
187	0.3333333333333333	47	47	3/4	3/4	4/4	1	1	1/12	1/8	2/3		-1	77	889
749/4	0.25	47	47	13/16	13/16	4/4	2	1	1/16	1/16	1		2	62	908
562/3	0.3333333333333333	47	47	5/6	5/6	4/4	1	1	1/12	1/8	2/3		4	76	890
375/2	0.25	47	47	7/8	7/8	4/4	2	1	1/16	1/16	1		-7	59	909
563/3	0.3333333333333333	47	47	11/12	11/12	4/4	1	1	1/12	1/8	2/3		2	74	891
751/4	0.25	47	47	15/16	15/16	4/4	2	1	1/16	1/16	1		2	62	910
188	1.0	48	48	0	0	2/4	2	2	1/4	1/4	1		4	52	929
188	0.25	48	48	0	0	2/4	2	1	1/16	1/16	1		-2	58	921
188	1.0	48	48	0	0	2/4	1	2	1/4	1/4	1		1	67	919
188	0.5	48	48	0	0	2/4	1	1	1/8	1/8	1		-5	73	914
753/4	0.25	48	48	1/16	1/16	2/4	2	1	1/16	1/16	1		-3	63	922
377/2	0.25	48	48	1/8	1/8	2/4	2	1	1/16	1/16	1		-2	58	923
377/2	0.5	48	48	1/8	1/8	2/4	1	1	1/8	1/8	1		-2	70	915
755/4	0.25	48	48	3/16	3/16	2/4	2	1	1/16	1/16	1		-3	63	924
189	0.25	48	48	1/4	1/4	2/4	2	1	1/16	1/16	1		-7	59	925
189	1.0	48	48	1/4	1/4	2/4	1	2	1/4	1/4	1		-4	68	920
189	0.3333333333333333	48	48	1/4	1/4	2/4	1	1	1/12	1/8	2/3		-1	77	916
757/4	0.25	48	48	5/16	5/16	2/4	2	1	1/16	1/16	1		2	62	926
568/3	0.3333333333333333	48	48	1/3	1/3	2/4	1	1	1/12	1/8	2/3		4	76	917
379/2	0.25	48	48	3/8	3/8	2/4	2	1	1/16	1/16	1		4	64	927
569/3	0.3333333333333333	48	48	5/12	5/12	2/4	1	1	1/12	1/8	2/3		2	74	918
759/4	0.25	48	48	7/16	7/16	2/4	2	1	1/16	1/16	1		-1	65	928
190	0.5	49	49	0	0	4/4	2	1	1/8	1/8	1		-6	54	948
190	0.5	49	49	0	0	4/4	2	1	1/8	1/8	1		-5	61	948
190	0.25	49	49	0	0	4/4	1	1	1/16	1/16	1		-2	70	930
190	0.5	49	49	0	0	4/4	1	2	1/8	1/8	1		-5	73	946
761/4	0.25	49	49	1/16	1/16	4/4	1	1	1/16	1/16	1		-6	66	931
381/2	0.25	49	49	1/8	1/8	4/4	1	1	1/16	1/16	1		-3	63	932
763/4	0.25	49	49	3/16	3/16	4/4	1	1	1/16	1/16	1		-3	63	933
191	0.25	49	49	1/4	1/4	4/4	1	1	1/16	1/16	1		-3	63	934
765/4	0.25	49	49	5/16	5/16	4/4	1	1	1/16	1/16	1		-3	63	935
383/2	0.25	49	49	3/8	3/8	4/4	1	1	1/16	1/16	1		-3	63	936
767/4	0.25	49	49	7/16	7/16	4/4	1	1	1/16	1/16	1		-3	63	937
192	0.5	49	49	1/2	1/2	4/4	2	1	1/8	1/8	1		-2	58	949
192	0.5	49	49	1/2	1/2	4/4	2	1	1/8	1/8	1		-5	61	949
192	0.25	49	49	1/2	1/2	4/4	1	1	1/16	1/16	1		-2	70	938
192	0.5	49	49	1/2	1/2	4/4	1	2	1/8	1/8	1		-5	73	947
769/4	0.25	49	49	9/16	9/16	4/4	1	1	1/16	1/16	1		-1	65	939
385/2	0.25	49	49	5/8	5/8	4/4	1	1	1/16	1/16	1		-3	63	940
771/4	0.25	49	49	11/16	11/16	4/4	1	1	1/16	1/16	1		-3	63	941
193	0.25	49	49	3/4	3/4	4/4	1	1	1/16	1/16	1		-3	63	942
773/4	0.25	49	49	13/16	13/16	4/4	1	1	1/16	1/16	1		-3	63	943
387/2	0.25	49	49	7/8	7/8	4/4	1	1	1/16	1/16	1		-3	63	944
775/4	0.25	49	49	15/16	15/16	4/4	1	1	1/16	1/16	1		-3	63	945
194	0.5	50	50	0	0	4/4	2	1	1/8	1/8	1		1	55	967
194	0.5	50	50	0	0	4/4	2	1	1/8	1/8	1		-5	61	967
194	0.25	50	50	0	0	4/4	1	1	1/16	1/16	1		-2	70	950
194	0.5	50	50	0	0	4/4	1	2	1/8	1/8	1		-5	73	966
777/4	0.25	50	50	1/16	1/16	4/4	1	1	1/16	1/16	1		-3	63	951
389/2	0.25	50	50	1/8	1/8	4/4	1	1	1/16	1/16	1		-3	63	952
779/4	0.25	50	50	3/16	3/16	4/4	1	1	1/16	1/16	1		-3	63	953
195	0.25	50	50	1/4	1/4	4/4	1	1	1/16	1/16	1		-3	63	954
781/4	0.25	50	50	5/16	5/16	4/4	1	1	1/16	1/16	1		-3	63	955
391/2	0.25	50	50	3/8	3/8	4/4	1	1	1/16	1/16	1		-3	63	956
783/4	0.25	50	50	7/16	7/16	4/4	1	1	1/16	1/16	1		-3	63	957
196	0.25	50	50	1/2	1/2	4/4	1	1	1/16	1/16	1		-3	63	958
785/4	0.25	50	50	9/16	9/16	4/4	1	1	1/16	1/16	1		-3	63	959
393/2	0.25	50	50	5/8	5/8	4/4	1	1	1/16	1/16	1		-3	63	960
787/4	0.25	50	50	11/16	11/16	4/4	1	1	1/16	1/16	1		-3	63	961
197	0.25	50	50	3/4	3/4	4/4	1	1	1/16	1/16	1		-3	63	962
789/4	0.25	50	50	13/16	13/16	4/4	1	1	1/16	1/16	1		-3	63	963
395/2	0.25	50	50	7/8	7/8	4/4	1	1	1/16	1/16	1		-3	63	964
791/4	0.25	50	50	15/16	15/16	4/4	1	1	1/16	1/16	1		-3	63	965
198	0.5	51	51	0	0	4/4	2	1	1/8	1/8	1		-6	54	986
198	0.5	51	51	0	0	4/4	2	1	1/8	1/8	1		-5	61	986
198	0.25	51	51	0	0	4/4	1	1	1/16	1/16	1		-2	70	968
198	0.5	51	51	0	0	4/4	1	2	1/8	1/8	1		-5	73	984
793/4	0.25	51	51	1/16	1/16	4/4	1	1	1/16	1/16	1		-6	66	969
397/2	0.25	51	51	1/8	1/8	4/4	1	1	1/16	1/16	1		-3	63	970
795/4	0.25	51	51	3/16	3/16	4/4	1	1	1/16	1/16	1		-3	63	971
199	0.25	51	51	1/4	1/4	4/4	1	1	1/16	1/16	1		-3	63	972
797/4	0.25	51	51	5/16	5/16	4/4	1	1	1/16	1/16	1		-3	63	973
399/2	0.25	51	51	3/8	3/8	4/4	1	1	1/16	1/16	1		-3	63	974
799/4	0.25	51	51	7/16	7/16	4/4	1	1	1/16	1/16	1		-3	63	975
200	0.5	51	51	1/2	1/2	4/4	2	1	1/8	1/8	1		-2	58	987
200	0.5	51	51	1/2	1/2	4/4	2	1	1/8	1/8	1		-5	61	987
200	0.25	51	51	1/2	1/2	4/4	1	1	1/16	1/16	1		-2	70	976
200	0.5	51	51	1/2	1/2	4/4	1	2	1/8	1/8	1		-5	73	985
801/4	0.25	51	51	9/16	9/16	4/4	1	1	1/16	1/16	1		-1	65	977
401/2	0.25	51	51	5/8	5/8	4/4	1	1	1/16	1/16	1		-3	63	978
803/4	0.25	51	51	11/16	11/16	4/4	1	1	1/16	1/16	1		-3	63	979
201	0.25	51	51	3/4	3/4	4/4	1	1	1/16	1/16	1		-3	63	980
805/4	0.25	51	51	13/16	13/16	4/4	1	1	1/16	1/16	1		-3	63	981
403/2	0.25	51	51	7/8	7/8	4/4	1	1	1/16	1/16	1		-3	63	982
807/4	0.25	51	51	15/16	15/16	4/4	1	1	1/16	1/16	1		-3	63	983
202	0.5	52	52	0	0	2/4	2	1	1/8	1/8	1		1	55	997
202	0.5	52	52	0	0	2/4	2	1	1/8	1/8	1		-5	61	997
202	0.25	52	52	0	0	2/4	1	1	1/16	1/16	1		-2	70	988
202	0.5	52	52	0	0	2/4	1	2	1/8	1/8	1		-5	73	996
809/4	0.25	52	52	1/16	1/16	2/4	1	1	1/16	1/16	1		-3	63	989
405/2	0.25	52	52	1/8	1/8	2/4	1	1	1/16	1/16	1		-3	63	990
811/4	0.25	52	52	3/16	3/16	2/4	1	1	1/16	1/16	1		-3	63	991
203	0.25	52	52	1/4	1/4	2/4	1	1	1/16	1/16	1		-3	63	992
813/4	0.25	52	52	5/16	5/16	2/4	1	1	1/16	1/16	1		-3	63	993
407/2	0.25	52	52	3/8	3/8	2/4	1	1	1/16	1/16	1		-3	63	994
815/4	0.25	52	52	7/16	7/16	2/4	1	1	1/16	1/16	1		-3	63	995
204	0.25	53	53	0	0	4/4	2	1	1/16	1/16	1		-3	63	998
817/4	0.25	53	53	1/16	1/16	4/4	2	1	1/16	1/16	1		2	62	999
409/2	0.25	53	53	1/8	1/8	4/4	2	1	1/16	1/16	1		-6	66	1000
819/4	0.25	53	53	3/16	3/16	4/4	2	1	1/16	1/16	1		-1	65	1001
205	0.25	53	53	1/4	1/4	4/4	2	1	1/16	1/16	1		-3	63	1002
821/4	0.25	53	53	5/16	5/16	4/4	2	1	1/16	1/16	1		-1	65	1003
411/2	0.25	53	53	3/8	3/8	4/4	2	1	1/16	1/16	1		-6	66	1004
823/4	0.25	53	53	7/16	7/16	4/4	2	1	1/16	1/16	1		1	67	1005
206	0.25	53	53	1/2	1/2	4/4	2	1	1/16	1/16	1		-3	63	1006
825/4	0.25	53	53	9/16	9/16	4/4	2	1	1/16	1/16	1		2	62	1007
413/2	0.25	53	53	5/8	5/8	4/4	2	1	1/16	1/16	1		-6	66	1008
827/4	0.25	53	53	11/16	11/16	4/4	2	1	1/16	1/16	1		-1	65	1009
207	0.25	53	53	3/4	3/4	4/4	2	1	1/16	1/16	1		-3	63	1010
829/4	0.25	53	53	13/16	13/16	4/4	2	1	1/16	1/16	1		-1	65	1011
415/2	0.25	53	53	7/8	7/8	4/4	2	1	1/16	1/16	1		-6	66	1012
831/4	0.25	53	53	15/16	15/16	4/4	2	1	1/16	1/16	1		1	67	1013
208	0.25	54	54	0	0	4/4	2	1	1/16	1/16	1		-6	66	1014
833/4	0.25	54	54	1/16	1/16	4/4	2	1	1/16	1/16	1		-1	65	1015
417/2	0.25	54	54	1/8	1/8	4/4	2	1	1/16	1/16	1		-2	70	1016
835/4	0.25	54	54	3/16	3/16	4/4	2	1	1/16	1/16	1		3	69	1017
209	0.25	54	54	1/4	1/4	4/4	2	1	1/16	1/16	1		-6	66	1018
837/4	0.25	54	54	5/16	5/16	4/4	2	1	1/16	1/16	1		-4	68	1019
419/2	0.25	54	54	3/8	3/8	4/4	2	1	1/16	1/16	1		-2	70	1020
839/4	0.25	54	54	7/16	7/16	4/4	2	1	1/16	1/16	1		-7	71	1021
210	0.25	54	54	1/2	1/2	4/4	2	1	1/16	1/16	1		-6	66	1022
841/4	0.25	54	54	9/16	9/16	4/4	2	1	1/16	1/16	1		-1	65	1023
421/2	0.25	54	54	5/8	5/8	4/4	2	1	1/16	1/16	1		-2	70	1024
843/4	0.25	54	54	11/16	11/16	4/4	2	1	1/16	1/16	1		3	69	1025
211	0.25	54	54	3/4	3/4	4/4	2	1	1/16	1/16	1		-6	66	1026
845/4	0.25	54	54	13/16	13/16	4/4	2	1	1/16	1/16	1		-4	68	1027
423/2	0.25	54	54	7/8	7/8	4/4	2	1	1/16	1/16	1		-2	70	1028
847/4	0.25	54	54	15/16	15/16	4/4	2	1	1/16	1/16	1		-7	71	1029
212	0.25	55	55	0	0	4/4	2	1	1/16	1/16	1		-2	70	1030
849/4	0.25	55	55	1/16	1/16	4/4	2	1	1/16	1/16	1		3	69	1031
425/2	0.25	55	55	1/8	1/8	4/4	2	1	1/16	1/16	1		-5	73	1032
851/4	0.25	55	55	3/16	3/16	4/4	2	1	1/16	1/16	1		0	72	1033
213	0.25	55	55	1/4	1/4	4/4	2	1	1/16	1/16	1		-2	70	1034
853/4	0.25	55	55	5/16	5/16	4/4	2	1	1/16	1/16	1		-7	71	1035
427/2	0.25	55	55	3/8	3/8	4/4	2	1	1/16	1/16	1		-5	73	1036
855/4	0.25	55	55	7/16	7/16	4/4	2	1	1/16	1/16	1		2	74	1037
214	0.25	55	55	1/2	1/2	4/4	2	1	1/16	1/16	1		-2	70	1038
857/4	0.25	55	55	9/16	9/16	4/4	2	1	1/16	1/16	1		3	69	1039
429/2	0.25	55	55	5/8	5/8	4/4	2	1	1/16	1/16	1		-5	73	1040
859/4	0.25	55	55	11/16	11/16	4/4	2	1	1/16	1/16	1		0	72	1041
215	0.25	55	55	3/4	3/4	4/4	2	1	1/16	1/16	1		-2	70	1042
861/4	0.25	55	55	13/16	13/16	4/4	2	1	1/16	1/16	1		-7	71	1043
431/2	0.25	55	55	7/8	7/8	4/4	2	1	1/16	1/16	1		-5	73	1044
863/4	0.25	55	55	15/16	15/16	4/4	2	1	1/16	1/16	1		2	74	1045
216	0.25	56	56	0	0	4/4	2	1	1/16	1/16	1		-2	70	1046
865/4	0.25	56	56	1/16	1/16	4/4	2	1	1/16	1/16	1		-7	71	1047
433/2	0.25	56	56	1/8	1/8	4/4	2	1	1/16	1/16	1		-5	73	1048
867/4	0.25	56	56	3/16	3/16	4/4	2	1	1/16	1/16	1		2	74	1049
217	0.25	56	56	1/4	1/4	4/4	2	1	1/16	1/16	1		-2	70	1050
869/4	0.25	56	56	5/16	5/16	4/4	2	1	1/16	1/16	1		-7	71	1051
435/2	0.25	56	56	3/8	3/8	4/4	2	1	1/16	1/16	1		-5	73	1052
871/4	0.25	56	56	7/16	7/16	4/4	2	1	1/16	1/16	1		2	74	1053
218	0.25	56	56	1/2	1/2	4/4	2	1	1/16	1/16	1		-2	70	1054
873/4	0.25	56	56	9/16	9/16	4/4	2	1	1/16	1/16	1		-7	71	1055
437/2	0.25	56	56	5/8	5/8	4/4	2	1	1/16	1/16	1		-5	73	1056
875/4	0.25	56	56	11/16	11/16	4/4	2	1	1/16	1/16	1		2	74	1057
219	0.25	56	56	3/4	3/4	4/4	2	1	1/16	1/16	1		-2	70	1058
877/4	0.25	56	56	13/16	13/16	4/4	2	1	1/16	1/16	1		-7	71	1059
439/2	0.25	56	56	7/8	7/8	4/4	2	1	1/16	1/16	1		-5	73	1060
879/4	0.25	56	56	15/16	15/16	4/4	2	1	1/16	1/16	1		2	74	1061
220	4.0	57	57	0	0	4/4	2	2	1	1	1		2	62	1078
220	0.25	57	57	0	0	4/4	2	1	1/16	1/16	1		2	74	1062
881/4	0.25	57	57	1/16	1/16	4/4	2	1	1/16	1/16	1		4	76	1063
441/2	0.25	57	57	1/8	1/8	4/4	2	1	1/16	1/16	1		0	72	1064
883/4	0.25	57	57	3/16	3/16	4/4	2	1	1/16	1/16	1		-1	77	1065
221	0.25	57	57	1/4	1/4	4/4	2	1	1/16	1/16	1		-2	70	1066
885/4	0.25	57	57	5/16	5/16	4/4	2	1	1/16	1/16	1		1	79	1067
443/2	0.25	57	57	3/8	3/8	4/4	2	1	1/16	1/16	1		3	69	1068
887/4	0.25	57	57	7/16	7/16	4/4	2	1	1/16	1/16	1		3	81	1069
222	0.25	57	57	1/2	1/2	4/4	2	1	1/16	1/16	1		0	72	1070
889/4	0.25	57	57	9/16	9/16	4/4	2	1	1/16	1/16	1		2	74	1071
445/2	0.25	57	57	5/8	5/8	4/4	2	1	1/16	1/16	1		-2	70	1072
891/4	0.25	57	57	11/16	11/16	4/4	2	1	1/16	1/16	1		4	76	1073
223	0.25	57	57	3/4	3/4	4/4	2	1	1/16	1/16	1		3	69	1074
893/4	0.25	57	57	13/16	13/16	4/4	2	1	1/16	1/16	1		-1	77	1075
447/2	0.25	57	57	7/8	7/8	4/4	2	1	1/16	1/16	1		1	67	1076
895/4	0.25	57	57	15/16	15/16	4/4	2	1	1/16	1/16	1		1	79	1077
224	4.0	58	58	0	0	4/4	2	2	1	1	1		2	62	1095
224	0.25	58	58	0	0	4/4	2	1	1/16	1/16	1		2	74	1079
897/4	0.25	58	58	1/16	1/16	4/4	2	1	1/16	1/16	1		4	76	1080
449/2	0.25	58	58	1/8	1/8	4/4	2	1	1/16	1/16	1		0	72	1081
899/4	0.25	58	58	3/16	3/16	4/4	2	1	1/16	1/16	1		-1	77	1082
225	0.25	58	58	1/4	1/4	4/4	2	1	1/16	1/16	1		-2	70	1083
901/4	0.25	58	58	5/16	5/16	4/4	2	1	1/16	1/16	1		1	79	1084
451/2	0.25	58	58	3/8	3/8	4/4	2	1	1/16	1/16	1		3	69	1085
903/4	0.25	58	58	7/16	7/16	4/4	2	1	1/16	1/16	1		3	81	1086
226	0.25	58	58	1/2	1/2	4/4	2	1	1/16	1/16	1		0	72	1087
905/4	0.25	58	58	9/16	9/16	4/4	2	1	1/16	1/16	1		2	74	1088
453/2	0.25	58	58	5/8	5/8	4/4	2	1	1/16	1/16	1		-2	70	1089
907/4	0.25	58	58	11/16	11/16	4/4	2	1	1/16	1/16	1		4	76	1090
227	0.25	58	58	3/4	3/4	4/4	2	1	1/16	1/16	1		3	69	1091
909/4	0.25	58	58	13/16	13/16	4/4	2	1	1/16	1/16	1		-1	77	1092
455/2	0.25	58	58	7/8	7/8	4/4	2	1	1/16	1/16	1		1	67	1093
911/4	0.25	58	58	15/16	15/16	4/4	2	1	1/16	1/16	1		1	79	1094
228	4.0	59	59	0	0	4/4	2	2	1	1	1		2	62	1112
228	0.25	59	59	0	0	4/4	2	1	1/16	1/16	1		3	69	1096
913/4	0.25	59	59	1/16	1/16	4/4	2	1	1/16	1/16	1		4	76	1097
457/2	0.25	59	59	1/8	1/8	4/4	2	1	1/16	1/16	1		0	72	1098
915/4	0.25	59	59	3/16	3/16	4/4	2	1	1/16	1/16	1		-1	77	1099
229	0.25	59	59	1/4	1/4	4/4	2	1	1/16	1/16	1		-2	70	1100
917/4	0.25	59	59	5/16	5/16	4/4	2	1	1/16	1/16	1		2	74	1101
459/2	0.25	59	59	3/8	3/8	4/4	2	1	1/16	1/16	1		1	67	1102
919/4	0.25	59	59	7/16	7/16	4/4	2	1	1/16	1/16	1		4	76	1103
230	0.25	59	59	1/2	1/2	4/4	2	1	1/16	1/16	1		3	69	1104
921/4	0.25	59	59	9/16	9/16	4/4	2	1	1/16	1/16	1		0	72	1105
461/2	0.25	59	59	5/8	5/8	4/4	2	1	1/16	1/16	1		-1	65	1106
923/4	0.25	59	59	11/16	11/16	4/4	2	1	1/16	1/16	1		2	74	1107
231	0.25	59	59	3/4	3/4	4/4	2	1	1/16	1/16	1		1	67	1108
925/4	0.25	59	59	13/16	13/16	4/4	2	1	1/16	1/16	1		-2	70	1109
463/2	0.25	59	59	7/8	7/8	4/4	2	1	1/16	1/16	1		4	64	1110
927/4	0.25	59	59	15/16	15/16	4/4	2	1	1/16	1/16	1		0	72	1111
232	4.0	60	60	0	0	4/4	2	2	1	1	1		2	62	1129
232	0.25	60	60	0	0	4/4	2	1	1/16	1/16	1		3	69	1113
929/4	0.25	60	60	1/16	1/16	4/4	2	1	1/16	1/16	1		4	76	1114
465/2	0.25	60	60	1/8	1/8	4/4	2	1	1/16	1/16	1		0	72	1115
931/4	0.25	60	60	3/16	3/16	4/4	2	1	1/16	1/16	1		-1	77	1116
233	0.25	60	60	1/4	1/4	4/4	2	1	1/16	1/16	1		-2	70	1117
933/4	0.25	60	60	5/16	5/16	4/4	2	1	1/16	1/16	1		2	74	1118
467/2	0.25	60	60	3/8	3/8	4/4	2	1	1/16	1/16	1		1	67	1119
935/4	0.25	60	60	7/16	7/16	4/4	2	1	1/16	1/16	1		4	76	1120
234	0.25	60	60	1/2	1/2	4/4	2	1	1/16	1/16	1		3	69	1121
937/4	0.25	60	60	9/16	9/16	4/4	2	1	1/16	1/16	1		0	72	1122
469/2	0.25	60	60	5/8	5/8	4/4	2	1	1/16	1/16	1		-1	65	1123
939/4	0.25	60	60	11/16	11/16	4/4	2	1	1/16	1/16	1		2	74	1124
235	0.25	60	60	3/4	3/4	4/4	2	1	1/16	1/16	1		3	69	1125
941/4	0.25	60	60	13/16	13/16	4/4	2	1	1/16	1/16	1		4	76	1126
471/2	0.25	60	60	7/8	7/8	4/4	2	1	1/16	1/16	1		2	74	1127
943/4	0.25	60	60	15/16	15/16	4/4	2	1	1/16	1/16	1		-1	77	1128
236	0.25	61	61	0	0	4/4	2	1	1/16	1/16	1		7	73	1130
945/4	0.25	61	61	1/16	1/16	4/4	2	1	1/16	1/16	1		-1	77	1131
473/2	0.25	61	61	1/8	1/8	4/4	2	1	1/16	1/16	1		3	81	1132
947/4	0.25	61	61	3/16	3/16	4/4	2	1	1/16	1/16	1		4	76	1133
237	0.25	61	61	1/4	1/4	4/4	2	1	1/16	1/16	1		7	73	1134
949/4	0.25	61	61	5/16	5/16	4/4	2	1	1/16	1/16	1		-1	77	1135
475/2	0.25	61	61	3/8	3/8	4/4	2	1	1/16	1/16	1		3	81	1136
951/4	0.25	61	61	7/16	7/16	4/4	2	1	1/16	1/16	1		4	76	1137
238	0.25	61	61	1/2	1/2	4/4	2	1	1/16	1/16	1		7	73	1138
953/4	0.25	61	61	9/16	9/16	4/4	2	1	1/16	1/16	1		-1	77	1139
477/2	0.25	61	61	5/8	5/8	4/4	2	1	1/16	1/16	1		1	79	1140
955/4	0.25	61	61	11/16	11/16	4/4	2	1	1/16	1/16	1		4	76	1141
239	0.25	61	61	3/4	3/4	4/4	2	1	1/16	1/16	1		7	73	1142
957/4	0.25	61	61	13/16	13/16	4/4	2	1	1/16	1/16	1		-1	77	1143
479/2	0.25	61	61	7/8	7/8	4/4	2	1	1/16	1/16	1		1	79	1144
959/4	0.25	61	61	15/16	15/16	4/4	2	1	1/16	1/16	1		4	76	1145
240	4.0	62	62	0	0	4/4	2	2	1	1	1		-2	70	1162
240	0.25	62	62	0	0	4/4	2	1	1/16	1/16	1		-5	73	1146
961/4	0.25	62	62	1/16	1/16	4/4	2	1	1/16	1/16	1		-1	77	1147
481/2	0.25	62	62	1/8	1/8	4/4	2	1	1/16	1/16	1		-2	82	1148
963/4	0.25	62	62	3/16	3/16	4/4	2	1	1/16	1/16	1		4	76	1149
241	0.25	62	62	1/4	1/4	4/4	2	1	1/16	1/16	1		-5	73	1150
965/4	0.25	62	62	5/16	5/16	4/4	2	1	1/16	1/16	1		-1	77	1151
483/2	0.25	62	62	3/8	3/8	4/4	2	1	1/16	1/16	1		-2	82	1152
967/4	0.25	62	62	7/16	7/16	4/4	2	1	1/16	1/16	1		4	76	1153
242	0.25	62	62	1/2	1/2	4/4	2	1	1/16	1/16	1		-5	73	1154
969/4	0.25	62	62	9/16	9/16	4/4	2	1	1/16	1/16	1		-1	77	1155
485/2	0.25	62	62	5/8	5/8	4/4	2	1	1/16	1/16	1		-2	82	1156
971/4	0.25	62	62	11/16	11/16	4/4	2	1	1/16	1/16	1		4	76	1157
243	0.25	62	62	3/4	3/4	4/4	2	1	1/16	1/16	1		-5	73	1158
973/4	0.25	62	62	13/16	13/16	4/4	2	1	1/16	1/16	1		-1	77	1159
487/2	0.25	62	62	7/8	7/8	4/4	2	1	1/16	1/16	1		-2	82	1160
975/4	0.25	62	62	15/16	15/16	4/4	2	1	1/16	1/16	1		4	76	1161
244	0.25	63	63	0	0	4/4	2	1	1/16	1/16	1		7	73	1163
977/4	0.25	63	63	1/16	1/16	4/4	2	1	1/16	1/16	1		-1	77	1164
489/2	0.25	63	63	1/8	1/8	4/4	2	1	1/16	1/16	1		3	81	1165
979/4	0.25	63	63	3/16	3/16	4/4	2	1	1/16	1/16	1		4	76	1166
245	0.25	63	63	1/4	1/4	4/4	2	1	1/16	1/16	1		7	73	1167
981/4	0.25	63	63	5/16	5/16	4/4	2	1	1/16	1/16	1		-1	77	1168
491/2	0.25	63	63	3/8	3/8	4/4	2	1	1/16	1/16	1		3	81	1169
983/4	0.25	63	63	7/16	7/16	4/4	2	1	1/16	1/16	1		4	76	1170
246	0.25	63	63	1/2	1/2	4/4	2	1	1/16	1/16	1		7	73	1171
985/4	0.25	63	63	9/16	9/16	4/4	2	1	1/16	1/16	1		-1	77	1172
493/2	0.25	63	63	5/8	5/8	4/4	2	1	1/16	1/16	1		1	79	1173
987/4	0.25	63	63	11/16	11/16	4/4	2	1	1/16	1/16	1		4	76	1174
247	0.25	63	63	3/4	3/4	4/4	2	1	1/16	1/16	1		7	73	1175
989/4	0.25	63	63	13/16	13/16	4/4	2	1	1/16	1/16	1		-1	77	1176
495/2	0.25	63	63	7/8	7/8	4/4	2	1	1/16	1/16	1		1	79	1177
991/4	0.25	63	63	15/16	15/16	4/4	2	1	1/16	1/16	1		4	76	1178
248	2.0	64	64	0	0	4/4	2	2	1/2	1/2	1		-2	70	1195
248	0.25	64	64	0	0	4/4	2	1	1/16	1/16	1		-5	73	1179
993/4	0.25	64	64	1/16	1/16	4/4	2	1	1/16	1/16	1		-1	77	1180
497/2	0.25	64	64	1/8	1/8	4/4	2	1	1/16	1/16	1		-2	82	1181
995/4	0.25	64	64	3/16	3/16	4/4	2	1	1/16	1/16	1		4	76	1182
249	0.25	64	64	1/4	1/4	4/4	2	1	1/16	1/16	1		-5	73	1183
997/4	0.25	64	64	5/16	5/16	4/4	2	1	1/16	1/16	1		-1	77	1184
499/2	0.25	64	64	3/8	3/8	4/4	2	1	1/16	1/16	1		-2	82	1185
999/4	0.25	64	64	7/16	7/16	4/4	2	1	1/16	1/16	1		4	76	1186
250	2.0	64	64	1/2	1/2	4/4	2	2	1/2	1/2	1		1	67	1196
250	0.25	64	64	1/2	1/2	4/4	2	1	1/16	1/16	1		-2	70	1187
1001/4	0.25	64	64	9/16	9/16	4/4	2	1	1/16	1/16	1		-3	75	1188
501/2	0.25	64	64	5/8	5/8	4/4	2	1	1/16	1/16	1		1	79	1189
1003/4	0.25	64	64	11/16	11/16	4/4	2	1	1/16	1/16	1		-5	73	1190
251	0.25	64	64	3/4	3/4	4/4	2	1	1/16	1/16	1		-2	70	1191
1005/4	0.25	64	64	13/16	13/16	4/4	2	1	1/16	1/16	1		-3	75	1192
503/2	0.25	64	64	7/8	7/8	4/4	2	1	1/16	1/16	1		1	79	1193
1007/4	0.25	64	64	15/16	15/16	4/4	2	1	1/16	1/16	1		-5	73	1194
252	2.0	65	65	0	0	4/4	2	2	1/2	1/2	1		4	64	1213
252	0.25	65	65	0	0	4/4	2	1	1/16	1/16	1		1	67	1197
1009/4	0.25	65	65	1/16	1/16	4/4	2	1	1/16	1/16	1		0	72	1198
505/2	0.25	65	65	1/8	1/8	4/4	2	1	1/16	1/16	1		-2	82	1199
1011/4	0.25	65	65	3/16	3/16	4/4	2	1	1/16	1/16	1		-2	70	1200
253	0.25	65	65	1/4	1/4	4/4	2	1	1/16	1/16	1		-5	73	1201
1013/4	0.25	65	65	5/16	5/16	4/4	2	1	1/16	1/16	1		0	72	1202
507/2	0.25	65	65	3/8	3/8	4/4	2	1	1/16	1/16	1		-2	82	1203
1015/4	0.25	65	65	7/16	7/16	4/4	2	1	1/16	1/16	1		-2	70	1204
254	2.0	65	65	1/2	1/2	4/4	2	2	1/2	1/2	1		-5	61	1214
254	0.25	65	65	1/2	1/2	4/4	2	1	1/16	1/16	1		4	64	1205
1017/4	0.25	65	65	9/16	9/16	4/4	2	1	1/16	1/16	1		3	69	1206
509/2	0.25	65	65	5/8	5/8	4/4	2	1	1/16	1/16	1		-5	73	1207
1019/4	0.25	65	65	11/16	11/16	4/4	2	1	1/16	1/16	1		1	67	1208
255	0.25	65	65	3/4	3/4	4/4	2	1	1/16	1/16	1		4	64	1209
1021/4	0.25	65	65	13/16	13/16	4/4	2	1	1/16	1/16	1		3	69	1210
511/2	0.25	65	65	7/8	7/8	4/4	2	1	1/16	1/16	1		-5	73	1211
1023/4	0.25	65	65	15/16	15/16	4/4	2	1	1/16	1/16	1		1	67	1212
256	0.25	66	66	0	0	4/4	2	1	1/16	1/16	1		1	55	1215
256	4.0	66	66	0	0	4/4	2	2	1	1	1		1	55	1231
1025/4	0.25	66	66	1/16	1/16	4/4	2	1	1/16	1/16	1		-3	63	1216
513/2	0.25	66	66	1/8	1/8	4/4	2	1	1/16	1/16	1		-5	61	1217
1027/4	0.25	66	66	3/16	3/16	4/4	2	1	1/16	1/16	1		-3	63	1218
257	0.25	66	66	1/4	1/4	4/4	2	1	1/16	1/16	1		-5	61	1219
1029/4	0.25	66	66	5/16	5/16	4/4	2	1	1/16	1/16	1		-3	63	1220
515/2	0.25	66	66	3/8	3/8	4/4	2	1	1/16	1/16	1		-5	61	1221
1031/4	0.25	66	66	7/16	7/16	4/4	2	1	1/16	1/16	1		-3	63	1222
258	0.25	66	66	1/2	1/2	4/4	2	1	1/16	1/16	1		3	69	1223
1033/4	0.25	66	66	9/16	9/16	4/4	2	1	1/16	1/16	1		-3	63	1224
517/2	0.25	66	66	5/8	5/8	4/4	2	1	1/16	1/16	1		-5	61	1225
1035/4	0.25	66	66	11/16	11/16	4/4	2	1	1/16	1/16	1		-3	63	1226
259	0.25	66	66	3/4	3/4	4/4	2	1	1/16	1/16	1		1	67	1227
1037/4	0.25	66	66	13/16	13/16	4/4	2	1	1/16	1/16	1		4	64	1228
519/2	0.25	66	66	7/8	7/8	4/4	2	1	1/16	1/16	1		-5	61	1229
1039/4	0.25	66	66	15/16	15/16	4/4	2	1	1/16	1/16	1		4	64	1230
260	0.25	67	67	0	0	4/4	2	1	1/16	1/16	1		-5	61	1232
1041/4	0.25	67	67	1/16	1/16	4/4	2	1	1/16	1/16	1		1	55	1233
521/2	0.25	67	67	1/8	1/8	4/4	2	1	1/16	1/16	1		-5	61	1234
1043/4	0.25	67	67	3/16	3/16	4/4	2	1	1/16	1/16	1		1	55	1235
261	0.25	67	67	1/4	1/4	4/4	2	1	1/16	1/16	1		-5	61	1236
1045/4	0.25	67	67	5/16	5/16	4/4	2	1	1/16	1/16	1		1	55	1237
523/2	0.25	67	67	3/8	3/8	4/4	2	1	1/16	1/16	1		-5	61	1238
1047/4	0.25	67	67	7/16	7/16	4/4	2	1	1/16	1/16	1		1	55	1239
262	0.25	67	67	1/2	1/2	4/4	2	1	1/16	1/16	1		-5	61	1240
1049/4	0.25	67	67	9/16	9/16	4/4	2	1	1/16	1/16	1		1	55	1241
525/2	0.25	67	67	5/8	5/8	4/4	2	1	1/16	1/16	1		-5	61	1242
1051/4	0.25	67	67	11/16	11/16	4/4	2	1	1/16	1/16	1		1	55	1243
263	0.25	67	67	3/4	3/4	4/4	2	1	1/16	1/16	1		-5	61	1244
1053/4	0.25	67	67	13/16	13/16	4/4	2	1	1/16	1/16	1		1	55	1245
527/2	0.25	67	67	7/8	7/8	4/4	2	1	1/16	1/16	1		-5	61	1246
1055/4	0.25	67	67	15/16	15/16	4/4	2	1	1/16	1/16	1		1	55	1247
264	0.25	68	68	0	0	4/4	2	1	1/16	1/16	1		-6	54	1258
1057/4	0.25	68	68	1/16	1/16	4/4	2	1	1/16	1/16	1		-5	61	1259
529/2	0.25	68	68	1/8	1/8	4/4	2	1	1/16	1/16	1		-6	54	1260
529/2	0.25	68	68	1/8	1/8	4/4	1	1	1/16	1/16	1		-2	82	1248
1059/4	0.25	68	68	3/16	3/16	4/4	2	1	1/16	1/16	1		-5	61	1261
1059/4	0.25	68	68	3/16	3/16	4/4	1	1	1/16	1/16	1		3	81	1249
265	0.25	68	68	1/4	1/4	4/4	2	1	1/16	1/16	1		-6	54	1262
265	0.5	68	68	1/4	1/4	4/4	1	1	1/8	1/8	1		-2	82	1250
1061/4	0.25	68	68	5/16	5/16	4/4	2	1	1/16	1/16	1		-5	61	1263
531/2	0.25	68	68	3/8	3/8	4/4	2	1	1/16	1/16	1		-6	54	1264
531/2	0.25	68	68	3/8	3/8	4/4	1	1	1/16	1/16	1		6	78	1251
1063/4	0.25	68	68	7/16	7/16	4/4	2	1	1/16	1/16	1		-5	61	1265
1063/4	0.25	68	68	7/16	7/16	4/4	1	1	1/16	1/16	1		-2	82	1252
266	0.25	68	68	1/2	1/2	4/4	2	1	1/16	1/16	1		-6	54	1266
266	0.25	68	68	1/2	1/2	4/4	1	1	1/16	1/16	1		3	81	1253
1065/4	0.25	68	68	9/16	9/16	4/4	2	1	1/16	1/16	1		-5	61	1267
1065/4	0.25	68	68	9/16	9/16	4/4	1	1	1/16	1/16	1		-2	82	1254
533/2	0.25	68	68	5/8	5/8	4/4	2	1	1/16	1/16	1		-6	54	1268
533/2	0.5	68	68	5/8	5/8	4/4	1	1	1/8	1/8	1	1	0	84	1255
1067/4	0.25	68	68	11/16	11/16	4/4	2	1	1/16	1/16	1		-5	61	1269
267	0.25	68	68	3/4	3/4	4/4	2	1	1/16	1/16	1		-6	54	1270
267	0.75	68	68	3/4	3/4	4/4	1	1	3/16	1/8	3/2	-1	0	84	1256
1069/4	0.25	68	68	13/16	13/16	4/4	2	1	1/16	1/16	1		-5	61	1271
535/2	0.25	68	68	7/8	7/8	4/4	2	1	1/16	1/16	1		-6	54	1272
1071/4	0.25	68	68	15/16	15/16	4/4	2	1	1/16	1/16	1		-5	61	1273
1071/4	0.25	68	68	15/16	15/16	4/4	1	1	1/16	1/16	1		-5	85	1257
268	0.25	69	69	0	0	4/4	2	1	1/16	1/16	1		-6	54	1281
268	0.75	69	69	0	0	4/4	1	1	3/16	1/8	3/2		2	74	1274
1073/4	0.25	69	69	1/16	1/16	4/4	2	1	1/16	1/16	1		-5	61	1282
537/2	0.25	69	69	1/8	1/8	4/4	2	1	1/16	1/16	1		-6	54	1283
1075/4	0.25	69	69	3/16	3/16	4/4	2	1	1/16	1/16	1		-5	61	1284
1075/4	0.25	69	69	3/16	3/16	4/4	1	1	1/16	1/16	1		-3	75	1275
269	0.25	69	69	1/4	1/4	4/4	2	1	1/16	1/16	1		-6	66	1285
269	1.0	69	69	1/4	1/4	4/4	1	1	1/4	1/4	1	1	4	76	1276
1077/4	0.25	69	69	5/16	5/16	4/4	2	1	1/16	1/16	1		-5	73	1286
539/2	0.25	69	69	3/8	3/8	4/4	2	1	1/16	1/16	1		-6	66	1287
1079/4	0.25	69	69	7/16	7/16	4/4	2	1	1/16	1/16	1		-5	73	1288
270	0.5	69	69	1/2	1/2	4/4	2	1	1/8	1/8	1		-6	66	1289
270	0.75	69	69	1/2	1/2	4/4	1	1	3/16	1/8	3/2	-1	4	76	1277
1083/4	0.25	69	69	11/16	11/16	4/4	1	1	1/16	1/16	1		-1	77	1278
271	0.75	69	69	3/4	3/4	4/4	1	1	3/16	1/8	3/2		-6	78	1279
1087/4	0.25	69	69	15/16	15/16	4/4	1	1	1/16	1/16	1		-4	80	1280
272	0.25	70	70	0	0	4/4	1	1	1/16	1/16	1		3	81	1290
1089/4	0.25	70	70	1/16	1/16	4/4	1	1	1/16	1/16	1		-2	82	1291
545/2	0.25	70	70	1/8	1/8	4/4	1	1	1/16	1/16	1		3	81	1292
1091/4	0.25	70	70	3/16	3/16	4/4	1	1	1/16	1/16	1		-2	82	1293
273	0.25	70	70	1/4	1/4	4/4	1	1	1/16	1/16	1		3	81	1294
1093/4	0.25	70	70	5/16	5/16	4/4	1	1	1/16	1/16	1		-2	82	1295
547/2	0.25	70	70	3/8	3/8	4/4	1	1	1/16	1/16	1		3	81	1296
1095/4	0.25	70	70	7/16	7/16	4/4	1	1	1/16	1/16	1		-2	82	1297
274	2.0	70	70	1/2	1/2	4/4	2	2	1/2	1/2	1		2	62	1310
274	0.5	70	70	1/2	1/2	4/4	2	1	1/8	1/8	1		4	64	1306
274	0.25	70	70	1/2	1/2	4/4	1	1	1/16	1/16	1		3	81	1298
1097/4	0.25	70	70	9/16	9/16	4/4	1	1	1/16	1/16	1		-2	82	1299
549/2	0.5	70	70	5/8	5/8	4/4	2	1	1/8	1/8	1		-1	65	1307
549/2	0.25	70	70	5/8	5/8	4/4	1	1	1/16	1/16	1		3	81	1300
1099/4	0.25	70	70	11/16	11/16	4/4	1	1	1/16	1/16	1		-2	82	1301
275	0.5	70	70	3/4	3/4	4/4	2	1	1/8	1/8	1		1	67	1308
275	0.25	70	70	3/4	3/4	4/4	1	1	1/16	1/16	1		3	81	1302
1101/4	0.25	70	70	13/16	13/16	4/4	1	1	1/16	1/16	1		-2	82	1303
551/2	0.5	70	70	7/8	7/8	4/4	2	1	1/8	1/8	1		3	69	1309
551/2	0.25	70	70	7/8	7/8	4/4	1	1	1/16	1/16	1		3	81	1304
1103/4	0.25	70	70	15/16	15/16	4/4	1	1	1/16	1/16	1		-2	82	1305
276	0.25	71	71	0	0	4/4	1	1	1/16	1/16	1		3	81	1311
1105/4	0.25	71	71	1/16	1/16	4/4	1	1	1/16	1/16	1		-2	82	1312
553/2	0.25	71	71	1/8	1/8	4/4	1	1	1/16	1/16	1		3	81	1313
1107/4	0.25	71	71	3/16	3/16	4/4	1	1	1/16	1/16	1		-2	82	1314
277	0.25	71	71	1/4	1/4	4/4	1	1	1/16	1/16	1		3	81	1315
1109/4	0.25	71	71	5/16	5/16	4/4	1	1	1/16	1/16	1		-2	82	1316
555/2	0.25	71	71	3/8	3/8	4/4	1	1	1/16	1/16	1		3	81	1317
1111/4	0.25	71	71	7/16	7/16	4/4	1	1	1/16	1/16	1		-2	82	1318
278	2.0	71	71	1/2	1/2	4/4	2	2	1/2	1/2	1		2	74	1331
278	0.5	71	71	1/2	1/2	4/4	2	1	1/8	1/8	1		4	76	1327
278	0.25	71	71	1/2	1/2	4/4	1	1	1/16	1/16	1		3	81	1319
1113/4	0.25	71	71	9/16	9/16	4/4	1	1	1/16	1/16	1		5	83	1320
557/2	0.5	71	71	5/8	5/8	4/4	2	1	1/8	1/8	1		-1	77	1328
557/2	0.25	71	71	5/8	5/8	4/4	1	1	1/16	1/16	1		3	81	1321
1115/4	0.25	71	71	11/16	11/16	4/4	1	1	1/16	1/16	1		5	83	1322
279	0.5	71	71	3/4	3/4	4/4	2	1	1/8	1/8	1		1	79	1329
279	0.25	71	71	3/4	3/4	4/4	1	1	1/16	1/16	1		3	81	1323
1117/4	0.25	71	71	13/16	13/16	4/4	1	1	1/16	1/16	1		5	83	1324
559/2	0.25	71	71	7/8	7/8	4/4	1	1	1/16	1/16	1		3	81	1325
559/2	0.5	71	71	7/8	7/8	4/4	2	1	1/8	1/8	1		3	81	1330
1119/4	0.25	71	71	15/16	15/16	4/4	1	1	1/16	1/16	1		5	83	1326
280	0.25	72	72	0	0	4/4	1	1	1/16	1/16	1		3	81	1332
1121/4	0.25	72	72	1/16	1/16	4/4	1	1	1/16	1/16	1		-2	82	1333
561/2	0.25	72	72	1/8	1/8	4/4	1	1	1/16	1/16	1		3	81	1334
1123/4	0.25	72	72	3/16	3/16	4/4	1	1	1/16	1/16	1		5	83	1335
281	1.0	72	72	1/4	1/4	4/4	2	1	1/4	1/4	1		2	74	1348
281	0.25	72	72	1/4	1/4	4/4	1	1	1/16	1/16	1		3	81	1336
281	1.0	72	72	1/4	1/4	4/4	2	1	1/4	1/4	1		3	81	1348
1125/4	0.25	72	72	5/16	5/16	4/4	1	1	1/16	1/16	1		-2	82	1337
563/2	0.25	72	72	3/8	3/8	4/4	1	1	1/16	1/16	1		3	81	1338
1127/4	0.25	72	72	7/16	7/16	4/4	1	1	1/16	1/16	1		5	83	1339
282	0.25	72	72	1/2	1/2	4/4	1	1	1/16	1/16	1		3	81	1340
282	1.0	72	72	1/2	1/2	4/4	2	1	1/4	1/4	1		2	86	1349
1129/4	0.25	72	72	9/16	9/16	4/4	1	1	1/16	1/16	1		-2	82	1341
565/2	0.25	72	72	5/8	5/8	4/4	1	1	1/16	1/16	1		3	81	1342
1131/4	0.25	72	72	11/16	11/16	4/4	1	1	1/16	1/16	1		5	83	1343
283	1.0	72	72	3/4	3/4	4/4	2	1	1/4	1/4	1		2	74	1350
283	0.25	72	72	3/4	3/4	4/4	1	1	1/16	1/16	1		3	81	1344
283	1.0	72	72	3/4	3/4	4/4	2	1	1/4	1/4	1		3	81	1350
1133/4	0.25	72	72	13/16	13/16	4/4	1	1	1/16	1/16	1		-2	82	1345
567/2	0.25	72	72	7/8	7/8	4/4	1	1	1/16	1/16	1		3	81	1346
1135/4	0.25	72	72	15/16	15/16	4/4	1	1	1/16	1/16	1		5	83	1347
284	0.25	73	73	0	0	4/4	1	1	1/16	1/16	1		3	81	1351
284	1.0	73	73	0	0	4/4	2	1	1/4	1/4	1		2	86	1367
1137/4	0.25	73	73	1/16	1/16	4/4	1	1	1/16	1/16	1		-2	82	1352
569/2	0.25	73	73	1/8	1/8	4/4	1	1	1/16	1/16	1		3	81	1353
1139/4	0.25	73	73	3/16	3/16	4/4	1	1	1/16	1/16	1		5	83	1354
285	1.0	73	73	1/4	1/4	4/4	2	1	1/4	1/4	1		2	74	1368
285	0.25	73	73	1/4	1/4	4/4	1	1	1/16	1/16	1		3	81	1355
285	1.0	73	73	1/4	1/4	4/4	2	1	1/4	1/4	1		3	81	1368
1141/4	0.25	73	73	5/16	5/16	4/4	1	1	1/16	1/16	1		-2	82	1356
571/2	0.25	73	73	3/8	3/8	4/4	1	1	1/16	1/16	1		3	81	1357
1143/4	0.25	73	73	7/16	7/16	4/4	1	1	1/16	1/16	1		5	83	1358
286	0.25	73	73	1/2	1/2	4/4	1	1	1/16	1/16	1		3	81	1359
286	1.0	73	73	1/2	1/2	4/4	2	1	1/4	1/4	1		2	86	1369
1145/4	0.25	73	73	9/16	9/16	4/4	1	1	1/16	1/16	1		-2	82	1360
573/2	0.25	73	73	5/8	5/8	4/4	1	1	1/16	1/16	1		3	81	1361
1147/4	0.25	73	73	11/16	11/16	4/4	1	1	1/16	1/16	1		5	83	1362
287	1.0	73	73	3/4	3/4	4/4	2	1	1/4	1/4	1		2	74	1370
287	0.25	73	73	3/4	3/4	4/4	1	1	1/16	1/16	1		3	81	1363
287	1.0	73	73	3/4	3/4	4/4	2	1	1/4	1/4	1		3	81	1370
1149/4	0.25	73	73	13/16	13/16	4/4	1	1	1/16	1/16	1		-2	82	1364
575/2	0.25	73	73	7/8	7/8	4/4	1	1	1/16	1/16	1		3	81	1365
1151/4	0.25	73	73	15/16	15/16	4/4	1	1	1/16	1/16	1		5	83	1366
288	4.0	74	74	0	0	4/4	1	1	1	1	1		3	81	1371
288	4.0	74	74	0	0	4/4	1	1	1	1	1		2	86	1371
288	4.0	74	74	0	0	4/4	2	1	1	1	1		2	86	1372
288	4.0	74	74	0	0	4/4	1	1	1	1	1		3	93	1371
